activity_id,start_date_local,start_date_utc,name,sport_type,trainer,commute,moving_time_sec,elapsed_time_sec,distance_m,distance_mi,total_elevation_gain_m,total_elevation_gain_ft,average_speed_mps,average_speed_mph,max_speed_mps,max_speed_mph,average_heartrate,max_heartrate,average_watts,weighted_average_watts,kilojoules,average_cadence,device_name,achievement_count,pr_count,suffer_score,calories,perceived_exertion,has_heartrate,has_run_segments
A0001,2026-05-14 4:05:28,2026-05-14T18:05:28Z,Zwift - May Field in Watopia,VirtualRun,FALSE,FALSE,998,1002,3123.6,1.9409144556,0,0,3.13,7.0016222,3.26,7.2924244,151.2,162,,,,90.7,Zwift Run,,,,,,,TRUE
A0002,2026-05-14 3:04:25,2026-05-14T17:04:25Z,Zwift - Tempus Fugit in Watopia,VirtualRide,FALSE,FALSE,3494,3494,32568.4,20.2370592764,52,170.60368,9.321,20.85051774,11.28,25.2326832,129.4,145,129.5,131,452.6,100.8,Zwift,,,,,,,
A0003,2026-05-13 14:59:30,2026-05-14T04:59:30Z,Night Walk,Walk,FALSE,FALSE,1635,1635,2092.4,1.3001566804,26.8,87.926512,1.28,2.8632832,2.14,4.7870516,89.9,103,,,,,Apple Watch Ultra,,,,,,,
A0004,2026-05-13 9:40:31,2026-05-13T23:40:31Z,Afternoon Run,Run,FALSE,FALSE,3501,3504,9943.6,6.1786646756,281,921.91604,2.84,6.3529096,4.46,9.9767524,147.9,169,213.1,220,746.1,,Apple Watch Ultra,,,,,,,TRUE
A0005,2026-05-13 0:10:59,2026-05-13T14:10:59Z,Morning Swim,Swim,TRUE,FALSE,2940,2940,2080.3,1.2926380913,0,0,0.708,1.58375352,4.58,10.2451852,120.7,145,,,,,Apple Watch Ultra,,,,,,,
A0006,2026-05-12 14:39:14,2026-05-13T04:39:14Z,Outdoor Walk,Walk,FALSE,FALSE,1461,1479,2000.8,1.2432390968,27.7,90.879268,1.369,3.06237086,1.92,4.2949248,109.5,113,,,,54,,,,,,,,
A0007,2026-05-12 13:55:03,2026-05-13T03:55:03Z,Fitbod - Kettlebell Conditioning,WeightTraining,TRUE,FALSE,1983,1983,,,0,0,0,0,0,0,,,,,,,Fitbod,,,,,,,
A0008,2026-05-12 2:33:29,2026-05-12T16:33:29Z,Zwift - Tempus Fugit in Watopia,VirtualRide,FALSE,FALSE,4348,4348,40614.9,25.2369210279,64,209.97376,9.341,20.89525654,13.94,31.1829436,133.3,168,134.7,164,585.7,98.8,Zwift,,,,,,,
A0009,2026-05-11 14:52:07,2026-05-12T04:52:07Z,Night Walk,Walk,FALSE,FALSE,1583,1583,2081.9,1.2936322849,28,91.86352,1.315,2.9415761,2.187,4.89218778,92.7,99,,,,,Apple Watch Ultra,,,,,,,
A0010,2026-05-11 12:28:07,2026-05-12T02:28:07Z,Fitbod - Sore in 6 mins - Chest,WeightTraining,TRUE,FALSE,440,440,,,0,0,0,0,0,0,,,,,,,Fitbod,,,,,,,
A0011,2026-05-10 15:04:09,2026-05-11T05:04:09Z,Night Walk,Walk,FALSE,FALSE,1648,1673,2067.8,1.2848709538,28,91.86352,1.255,2.8073597,2.3,5.144962,83,97,,,,,Apple Watch Ultra,,,,,,,
A0012,2026-05-10 3:31:54,2026-05-10T17:31:54Z,Zwift - Tempus Fugit in Watopia,VirtualRide,FALSE,FALSE,7418,7456,64585.9,40.1318052689,99,324.80316,8.707,19.47703658,14.38,32.1671972,125.9,156,118.8,132,881.5,97.3,Zwift,,,,,,,
A0013,2026-05-09 14:50:02,2026-05-10T04:50:02Z,Night Walk,Walk,FALSE,FALSE,1761,1800,2061.7,1.2810805907,31.2,102.362208,1.171,2.61945674,1.767,3.95267298,79.1,93,,,,,Apple Watch Ultra,,,,,,,
A0014,2026-05-09 2:11:18,2026-05-09T16:11:18Z,Morning Swim,Swim,TRUE,FALSE,4718,4718,3360.4,2.0880551084,0,0,0.712,1.59270128,4.58,10.2451852,128.5,151,,,,,Apple Watch Ultra,,,,,,,
A0015,2026-05-08 14:26:48,2026-05-09T04:26:48Z,Night Walk,Walk,FALSE,FALSE,1562,1562,1979.2,1.2298174832,27,88.58268,1.267,2.83420298,2.173,4.86087062,86.6,100,,,,,Apple Watch Ultra,,,,,,,
A0016,2026-05-08 9:02:51,2026-05-08T23:02:51Z,Afternoon Walk,Walk,FALSE,FALSE,692,883,1044.9,0.6492705579,102.4,335.958016,1.51,3.3777794,2.633,5.88986302,102.7,118,,,,,Apple Watch Ultra,,,,,,,
A0017,2026-05-08 2:37:54,2026-05-08T16:37:54Z,Zwift - May Field in Watopia,VirtualRun,FALSE,FALSE,1794,1798,4705.1,2.9236126921,0,0,2.623,5.86749362,3.26,7.2924244,133.3,147,,,,87.5,Zwift Run,,,,,,,TRUE
A0018,2026-05-08 0:11:23,2026-05-08T14:11:23Z,Morning Swim,Swim,TRUE,FALSE,2922,2922,2011.7,1.2500120407,0,0,0.688,1.53901472,4.58,10.2451852,125.2,155,,,,,Apple Watch Ultra,,,,,,,
A0019,2026-05-07 14:50:31,2026-05-08T04:50:31Z,Night Walk,Walk,FALSE,FALSE,1659,1659,2062.1,1.2813291391,28.6,93.832024,1.243,2.78051642,2.02,4.5186188,91.6,107,,,,,Apple Watch Ultra,,,,,,,
A0020,2026-05-07 13:52:47,2026-05-08T03:52:47Z,Fitbod - Glute Mobility protocol,WeightTraining,TRUE,FALSE,2916,2916,,,0,0,0,0,0,0,,,,,,,Fitbod,,,,,,,
A0021,2026-05-07 3:30:08,2026-05-07T17:30:08Z,Zwift - May Field in Watopia,VirtualRun,FALSE,FALSE,1157,1161,3231.4,2.0078982494,0,0,2.793,6.24777342,3.38,7.5608572,144.6,160,,,,86.4,Zwift Run,,,,,,,TRUE
A0022,2026-05-07 2:25:27,2026-05-07T16:25:27Z,Zwift - Pacer Group Ride with Miguel,VirtualRide,FALSE,FALSE,3637,3637,32628.9,20.2746522219,82,269.02888,8.971,20.06758874,15.72,35.1646968,124.4,138,116.7,118,424.5,97.9,Zwift,,,,,,,
A0023,2026-05-06 14:51:17,2026-05-07T04:51:17Z,Night Walk,Walk,FALSE,FALSE,1802,1802,2085.6,1.2959313576,28.6,93.832024,1.157,2.58813958,1.787,3.99741178,88.3,108,,,,,Apple Watch Ultra,,,,,,,
A0024,2026-05-06 9:54:51,2026-05-06T23:54:51Z,Afternoon Run,Run,FALSE,FALSE,3621,3670,10481.7,6.5130244107,292.6,959.973784,2.895,6.4759413,4.96,11.0952224,145.1,161,219.2,220,793.9,,Apple Watch Ultra,,,,,,,TRUE
A0025,2026-05-06 0:08:54,2026-05-06T14:08:54Z,Morning Swim,Swim,TRUE,FALSE,2483,2483,1440.2,0.8948985142,0,0,0.58,1.2974252,4.58,10.2451852,109.6,141,,,,,Apple Watch Ultra,,,,,,,
A0026,2026-05-05 2:01:26,2026-05-05T16:01:26Z,Zwift - Pacer Group Ride with Miguel,VirtualRide,FALSE,FALSE,4326,4326,38938.9,24.1955032319,145,475.7218,9.001,20.13469694,13.98,31.2724212,131.7,163,128.1,157,554.2,97.5,Zwift,,,,,,,
A0027,2026-05-04 14:46:21,2026-05-05T04:46:21Z,Night Walk,Walk,FALSE,FALSE,1600,1647,2081.6,1.2934458736,31.2,102.362208,1.301,2.91025894,2.233,4.99508702,83.6,103,,,,,Apple Watch Ultra,,,,,,,
A0028,2026-05-03 19:17:03,2026-05-04T09:17:03Z,Night Yoga,Yoga,TRUE,FALSE,1039,1039,,,0,0,0,0,0,0,62.8,76,,,,,Apple Watch Ultra,,,,,,,
A0029,2026-05-03 15:06:44,2026-05-04T05:06:44Z,Night Walk,Walk,FALSE,FALSE,1656,1705,2103.7,1.3071781727,28.4,93.175856,1.27,2.8409138,1.953,4.36874382,83.4,96,,,,,Apple Watch Ultra,,,,,,,
A0030,2026-05-03 2:07:40,2026-05-03T16:07:40Z,Morning Ride,Ride,FALSE,FALSE,9210,10836,70794.7,43.9897735337,419,1374.67196,7.687,17.19535778,16.84,37.6700696,126.5,150,137.4,149,1235.1,88,Wahoo ELEMNT BOLT,,,,,,,
A0031,2026-05-02 15:06:40,2026-05-03T05:06:40Z,Night Walk,Walk,FALSE,FALSE,1679,1706,2064,1.282509744,29,95.14436,1.229,2.74919926,2.087,4.66849378,82.9,96,,,,,Apple Watch Ultra,,,,,,,
A0032,2026-05-02 2:12:54,2026-05-02T16:12:54Z,Morning Swim,Swim,TRUE,FALSE,4618,4618,3314.7,2.0596584537,0,0,0.718,1.60612292,4.58,10.2451852,126.5,154,,,,,Apple Watch Ultra,,,,,,,
A0033,2026-05-01 15:04:43,2026-05-02T05:04:43Z,Night Walk,Walk,FALSE,FALSE,1705,1790,2073.7,1.2885370427,30.2,99.081368,1.216,2.72011904,2.35,5.256809,83.4,100,,,,,Apple Watch Ultra,,,,,,,
A0034,2026-05-01 10:04:32,2026-05-02T00:04:32Z,Zwift - May Field in Watopia,VirtualRun,FALSE,FALSE,2503,2507,6450.8,4.0083400468,0,0,2.577,5.76459438,3.26,7.2924244,131.2,150,,,,86.5,Zwift Run,,,,,,,TRUE
A0035,2026-05-01 7:56:59,2026-05-01T21:56:59Z,Afternoon Walk,Walk,FALSE,FALSE,924,1021,1269.9,0.7890790329,61.8,202.755912,1.374,3.07355556,6.635,14.8420969,77.5,91,,,,,Apple Watch Ultra,,,,,,,
A0036,2026-05-01 2:48:47,2026-05-01T16:48:47Z,Outdoor Walk,Walk,FALSE,FALSE,938,1871,1359.5,0.8447538745,28.6,93.832024,1.449,3.24132606,2.54,5.6818276,116.9,133,,,,45.8,,,,,,,,
A0037,2026-05-01 0:09:42,2026-05-01T14:09:42Z,Morning Swim,Swim,TRUE,FALSE,2420,2420,1645.9,1.0227145289,0,0,0.68,1.5211192,4.58,10.2451852,119.8,148,,,,,Apple Watch Ultra,,,,,,,
A0038,2026-04-30 15:12:35,2026-05-01T05:12:35Z,Night Yoga,Yoga,TRUE,FALSE,904,904,,,0,0,0,0,0,0,74.2,92,,,,,Apple Watch Ultra,,,,,,,
A0039,2026-04-30 14:01:26,2026-05-01T04:01:26Z,Night Walk,Walk,FALSE,FALSE,1798,1798,2096.9,1.3029528499,27.8,91.207352,1.166,2.60827204,1.92,4.2949248,86.1,97,,,,,Apple Watch Ultra,,,,,,,
A0040,2026-04-30 7:38:42,2026-04-30T21:38:42Z,Afternoon Walk,Walk,FALSE,FALSE,902,1124,1318.3,0.8191533893,65.4,214.566936,1.462,3.27040628,3.32,7.4266408,92.5,97,,,,,Apple Watch Ultra,,,,,,,
A0041,2026-04-30 4:48:55,2026-04-30T18:48:55Z,Lunch Walk,Walk,FALSE,FALSE,942,1073,1169.7,0.7268176587,45,147.6378,1.242,2.77827948,2.34,5.2344396,105.1,123,,,,,Apple Watch Ultra,,,,,,,
A0042,2026-04-30 2:49:13,2026-04-30T16:49:13Z,Zwift - May Field in Watopia,VirtualRun,FALSE,FALSE,1094,1098,3185.9,1.9796258689,0,0,2.912,6.51396928,3.08,6.8897752,142.1,151,,,,90.3,Zwift Run,,,,,,,TRUE
A0043,2026-04-30 1:46:16,2026-04-30T15:46:16Z,Zwift - Tempus Fugit in Watopia,VirtualRide,FALSE,FALSE,3609,3609,32594.4,20.2532149224,52,170.60368,9.031,20.20180514,10.96,24.5168624,121.1,137,121,122,436.6,98.1,Zwift,,,,,,,
A0044,2026-04-29 15:56:20,2026-04-30T05:56:20Z,Night Yoga,Yoga,TRUE,FALSE,961,961,,,0,0,0,0,0,0,72,86,,,,,Apple Watch Ultra,,,,,,,
A0045,2026-04-29 14:41:09,2026-04-30T04:41:09Z,Night Walk,Walk,FALSE,FALSE,1695,1715,2067.9,1.2849330909,28.4,93.175856,1.22,2.7290668,1.987,4.44479978,85.9,103,,,,,Apple Watch Ultra,,,,,,,
A0046,2026-04-29 8:50:55,2026-04-29T22:50:55Z,Zwift - May Field in Watopia,VirtualRun,FALSE,FALSE,3292,3304,9741.6,6.0531477336,0,0,2.959,6.61910546,3.1,6.934514,140.3,152,,,,90.1,Zwift Run,,,,,,,TRUE
A0047,2026-04-29 0:12:38,2026-04-29T14:12:38Z,Morning Swim,Swim,TRUE,FALSE,2848,2848,1920.2,1.1931565942,0,0,0.674,1.50769756,4.56,10.2004464,123.7,150,,,,,Apple Watch Ultra,,,,,,,
A0048,2026-04-28 14:33:04,2026-04-29T04:33:04Z,Night Walk,Walk,FALSE,FALSE,1590,1790,2100,1.3048791,28.4,93.175856,1.321,2.95499774,2.14,4.7870516,86,101,,,,,Apple Watch Ultra,,,,,,,
A0049,2026-04-28 12:14:23,2026-04-29T02:14:23Z,Fitbod - Kettlebell Conditioning,WeightTraining,TRUE,FALSE,1666,1666,,,0,0,0,0,0,0,,,,,,,Fitbod,,,,,,,
A0050,2026-04-28 2:13:05,2026-04-28T16:13:05Z,Zwift - Pacer Group Ride with Miguel,VirtualRide,FALSE,FALSE,4432,4432,40485.2,25.1563292092,59,193.56956,9.135,20.4344469,11.34,25.3668996,116,126,115.8,117,513.1,97.9,Zwift,,,,,,,
A0051,2026-04-27 15:57:31,2026-04-28T05:57:31Z,Night Yoga,Yoga,TRUE,FALSE,1036,1036,,,0,0,0,0,0,0,66.8,82,,,,,Apple Watch Ultra,,,,,,,
A0052,2026-04-27 14:46:34,2026-04-28T04:46:34Z,Night Walk,Walk,FALSE,FALSE,1803,1850,2183.3,1.3566393043,28.6,93.832024,1.211,2.70893434,2.087,4.66849378,81.2,92,,,,,Apple Watch Ultra,,,,,,,
A0053,2026-04-27 12:12:54,2026-04-28T02:12:54Z,Fitbod - Sore in 6 mins - Chest,WeightTraining,TRUE,FALSE,538,538,,,0,0,0,0,0,0,,,,,,,Fitbod,,,,,,,
A0054,2026-04-26 16:21:02,2026-04-27T06:21:02Z,Night Yoga,Yoga,TRUE,FALSE,953,953,,,0,0,0,0,0,0,65.6,90,,,,,Apple Watch Ultra,,,,,,,
A0055,2026-04-26 14:33:22,2026-04-27T04:33:22Z,Night Walk,Walk,FALSE,FALSE,1624,1624,2029.7,1.2611967187,28.6,93.832024,1.25,2.796175,2,4.47388,84.7,99,,,,,Apple Watch Ultra,,,,,,,
A0056,2026-04-26 2:30:18,2026-04-26T16:30:18Z,Zwift - Tempus Fugit in Watopia,VirtualRide,FALSE,FALSE,7159,7159,64614,40.149265794,99,324.80316,9.026,20.19062044,11.52,25.7695488,124.6,137,124.6,125,892,98.6,Zwift,,,,,,,
A0057,2026-04-25 14:48:26,2026-04-26T04:48:26Z,Night Walk,Walk,FALSE,FALSE,1699,1721,2082.8,1.2941915188,28,91.86352,1.226,2.74248844,1.996,4.46493224,87.6,102,,,,,Apple Watch Ultra,,,,,,,
A0058,2026-04-25 2:18:48,2026-04-25T16:18:48Z,Morning Swim,Swim,FALSE,FALSE,2714,2733,1784.2,1.1086501382,19.2,62.992128,0.657,1.46966958,1.7,3.802798,112.2,142,,,,,Apple Watch Ultra,,,,,,,
A0059,2026-04-24 15:02:43,2026-04-25T05:02:43Z,Night Walk,Walk,FALSE,FALSE,1693,1693,2089.5,1.2983547045,28.6,93.832024,1.234,2.76038396,1.9,4.250186,94.4,107,,,,,Apple Watch Ultra,,,,,,,
A0060,2026-04-24 10:48:25,2026-04-25T00:48:25Z,Afternoon Run,Run,FALSE,FALSE,4695,4720,13174,8.185941554,349.8,1147.637832,2.806,6.27685364,4.94,11.0504836,139.2,157,210.3,212,987.5,,Apple Watch Ultra,,,,,,,TRUE
A0061,2026-04-24 0:11:36,2026-04-24T14:11:36Z,Morning Swim,Swim,TRUE,FALSE,2861,2861,1737.4,1.0795699754,0,0,0.607,1.35782258,4.58,10.2451852,126.4,153,,,,,Apple Watch Ultra,,,,,,,
A0062,2026-04-23 14:24:25,2026-04-24T04:24:25Z,Night Walk,Walk,FALSE,FALSE,1534,1570,2064.3,1.2826961553,29,95.14436,1.346,3.01092124,2.153,4.81613182,81.7,97,,,,,Apple Watch Ultra,,,,,,,
A0063,2026-04-23 9:59:58,2026-04-23T23:59:58Z,Afternoon Walk,Walk,FALSE,FALSE,51,186,54.4,0.0338025824,0,0,1.066,2.38457804,1.42,3.1764548,,,,,,,Apple Watch Ultra,,,,,,,
A0064,2026-04-23 3:17:03,2026-04-23T17:17:03Z,Zwift - May Field in Watopia,VirtualRun,FALSE,FALSE,1089,1106,3160.5,1.9638430455,0,0,2.902,6.49159988,3.1,6.934514,142.2,150,,,,90.3,Zwift Run,,,,,,,TRUE
A0065,2026-04-23 2:19:31,2026-04-23T16:19:31Z,Zwift - Pacer Group Ride with Maria,VirtualRide,FALSE,FALSE,3297,3297,32429.4,20.1506887074,48,157.48032,9.836,22.00254184,12.36,27.6485784,133.3,144,137.1,141,452.1,97.5,Zwift,,,,,,,
A0066,2026-04-22 14:40:32,2026-04-23T04:40:32Z,Night Walk,Walk,FALSE,FALSE,1726,1756,2097.2,1.3031392612,28,91.86352,1.215,2.7178821,1.94,4.3396636,86.1,99,,,,,Apple Watch Ultra,,,,,,,
A0067,2026-04-22 10:14:32,2026-04-23T00:14:32Z,Zwift - May Field in Watopia,VirtualRun,FALSE,FALSE,3805,3816,10489.4,6.5178089674,0,0,2.757,6.16724358,3.34,7.4713796,143.2,158,,,,86.6,Zwift Run,,,,,,,TRUE
A0068,2026-04-22 4:49:48,2026-04-22T18:49:48Z,Lunch Walk,Walk,FALSE,FALSE,915,1003,1207.9,0.7505540309,39.8,130.577432,1.32,2.9527608,3.1,6.934514,94.6,98,,,,,Apple Watch Ultra,,,,,,,
A0069,2026-04-22 0:09:15,2026-04-22T14:09:15Z,Morning Swim,Swim,TRUE,FALSE,3037,3037,2103.1,1.3068053501,0,0,0.692,1.54796248,4.58,10.2451852,123.5,150,,,,,Apple Watch Ultra,,,,,,,
A0070,2026-04-21 14:04:34,2026-04-22T04:04:34Z,Fitbod - Kettlebell Conditioning,WeightTraining,TRUE,FALSE,2456,2456,,,0,0,0,0,0,0,,,,,,,Fitbod,,,,,,,
A0071,2026-04-21 2:15:13,2026-04-21T16:15:13Z,Zwift - Pacer Group Ride with Miguel,VirtualRide,FALSE,FALSE,3653,3653,32662.1,20.2952817391,104,341.20736,8.941,20.00048054,16.22,36.2831668,119.5,132,118.1,121,431.5,98.2,Zwift,,,,,,,
A0072,2026-04-20 13:06:19,2026-04-21T03:06:19Z,Fitbod - Glute Mobility protocol,WeightTraining,TRUE,FALSE,2177,2177,,,0,0,0,0,0,0,,,,,,,Fitbod,,,,,,,
A0073,2026-04-20 11:51:53,2026-04-21T01:51:53Z,Fitbod - Sore in 6 mins - Chest,WeightTraining,TRUE,FALSE,459,459,,,0,0,0,0,0,0,,,,,,,Fitbod,,,,,,,
A0074,2026-04-20 3:33:41,2026-04-20T17:33:41Z,Morning Walk,Walk,FALSE,FALSE,1526,1691,2069.7,1.2860515587,27.6,90.551184,1.356,3.03329064,2.247,5.02640418,87.3,102,,,,,Apple Watch Ultra,,,,,,,
A0075,2026-04-19 14:35:50,2026-04-20T04:35:50Z,Night Walk,Walk,FALSE,FALSE,1540,1607,2002.2,1.2441090162,33,108.26772,1.3,2.908022,2.107,4.71323258,84.2,104,,,,,Apple Watch Ultra,,,,,,,
A0076,2026-04-19 3:29:54,2026-04-19T17:29:54Z,Zwift - Tempus Fugit in Watopia,VirtualRide,FALSE,FALSE,7250,7250,64667.3,40.1823848683,99,324.80316,8.92,19.9535048,11.22,25.0984668,137.9,146,120.3,121,872.1,97.7,Zwift,,,,,,,
A0077,2026-04-19 0:59:53,2026-04-19T14:59:53Z,Road Race,Run,FALSE,FALSE,2951,2951,10184.8,6.3285393608,39,127.95276,3.451,7.71967994,5.14,11.4978716,159.6,172,245.9,246,725.6,,Apple Watch Ultra,,,,,,,TRUE
A0078,2026-04-18 14:23:05,2026-04-19T04:23:05Z,Night Walk,Walk,FALSE,FALSE,1518,1593,2078.1,1.2912710751,30,98.4252,1.369,3.06237086,2.227,4.98166538,91.4,106,,,,,Apple Watch Ultra,,,,,,,
A0079,2026-04-18 2:16:06,2026-04-18T16:16:06Z,Morning Swim,Swim,TRUE,FALSE,4464,4464,2788.9,1.7329415819,0,0,0.625,1.3980875,4.58,10.2451852,129.4,157,,,,,Apple Watch Ultra,,,,,,,
A0080,2026-04-17 14:28:27,2026-04-18T04:28:27Z,Night Walk,Walk,FALSE,FALSE,1630,1673,2089.6,1.2984168416,27.8,91.207352,1.282,2.86775708,2.133,4.77139302,86.2,102,,,,,Apple Watch Ultra,,,,,,,
A0081,2026-04-17 11:11:01,2026-04-18T01:11:01Z,Zwift - May Field in Watopia,VirtualRun,FALSE,FALSE,1495,1499,4045.5,2.5137563805,0,0,2.706,6.05315964,3.12,6.9792528,131.4,142,,,,86.8,Zwift Run,,,,,,,TRUE
A0082,2026-04-17 7:12:02,2026-04-17T21:12:02Z,Afternoon Walk,Walk,FALSE,FALSE,696,1141,1275.2,0.7923722992,64,209.97376,1.832,4.09807408,2.687,6.01065778,82,82,,,,,Apple Watch Ultra,,,,,,,
A0083,2026-04-17 0:06:13,2026-04-17T14:06:13Z,Morning Swim,Swim,TRUE,FALSE,2674,2674,1828.8,1.1363632848,0,0,0.684,1.53006696,4.58,10.2451852,122.4,148,,,,,Apple Watch Ultra,,,,,,,
A0084,2026-04-16 14:51:05,2026-04-17T04:51:05Z,Night Walk,Walk,FALSE,FALSE,1652,1652,2099.5,1.3045684145,30.6,100.393704,1.271,2.84315074,2.02,4.5186188,86,101,,,,,Apple Watch Ultra,,,,,,,
A0085,2026-04-16 13:42:33,2026-04-17T03:42:33Z,Fitbod - Kettlebell Conditioning,WeightTraining,TRUE,FALSE,1988,1988,,,0,0,0,0,0,0,,,,,,,Fitbod,,,,,,,
A0086,2026-04-16 4:11:42,2026-04-16T18:11:42Z,Zwift - May Field in Watopia,VirtualRun,FALSE,FALSE,1133,1140,3228.8,2.0062826848,0,0,2.85,6.375279,3,6.71082,137.4,147,,,,88.6,Zwift Run,,,,,,,TRUE
A0087,2026-04-16 3:09:49,2026-04-16T17:09:49Z,Zwift - Tempus Fugit in Watopia,VirtualRide,FALSE,FALSE,3576,3576,32611,20.263529681,52,170.60368,9.119,20.39865586,11.28,25.2326832,118.3,132,119.3,121,426.7,97.7,Zwift,,,,,,,
A0088,2026-04-15 4:51:43,2026-04-15T18:51:43Z,Lunch Walk,Walk,FALSE,FALSE,821,944,1065.9,0.6623193489,37.8,124.015752,1.298,2.90354812,3.94,8.8135436,97.9,112,,,,,Apple Watch Ultra,,,,,,,
A0089,2026-04-15 2:10:34,2026-04-15T16:10:34Z,Zwift - May Field in Watopia,VirtualRun,FALSE,FALSE,3355,3372,9667.7,6.0072284167,0,0,2.882,6.44686108,3.08,6.8897752,138.2,152,,,,88.9,Zwift Run,,,,,,,TRUE
A0090,2026-04-15 0:11:43,2026-04-15T14:11:43Z,Morning Swim,Swim,TRUE,FALSE,2902,2902,2194.6,1.3636607966,0,0,0.756,1.69112664,4.58,10.2451852,116.6,147,,,,,Apple Watch Ultra,,,,,,,
A0091,2026-04-14 14:06:49,2026-04-15T04:06:49Z,Night Walk,Walk,FALSE,FALSE,1674,1798,2080.4,1.2927002284,30.8,101.049872,1.243,2.78051642,1.867,4.17636698,85.1,100,,,,,Apple Watch Ultra,,,,,,,
A0092,2026-04-14 12:29:21,2026-04-15T02:29:21Z,Fitbod - Glute Mobility protocol,WeightTraining,TRUE,FALSE,1539,1539,,,0,0,0,0,0,0,,,,,,,Fitbod,,,,,,,
A0093,2026-04-14 2:22:21,2026-04-14T16:22:21Z,Zwift - Pacer Group Ride with Miguel,VirtualRide,FALSE,FALSE,3305,3305,29124.8,18.0973061008,113,370.73492,8.812,19.71191528,13.36,29.8855184,113,127,115.8,117,382.8,98,Zwift,,,,,,,
A0094,2026-04-13 14:33:45,2026-04-14T04:33:45Z,Night Walk,Walk,FALSE,FALSE,1523,1580,1990.9,1.2370875239,27.2,89.238848,1.307,2.92368058,2.14,4.7870516,86,96,,,,,Apple Watch Ultra,,,,,,,
A0095,2026-04-13 11:49:27,2026-04-14T01:49:27Z,Fitbod - Sore in 6 mins - Chest,WeightTraining,TRUE,FALSE,618,618,,,0,0,0,0,0,0,,,,,,,Fitbod,,,,,,,
A0096,2026-04-13 9:56:24,2026-04-13T23:56:24Z,Afternoon Walk,Walk,FALSE,FALSE,1207,1207,1423.5,0.8845216185,0,0,1.179,2.63735226,7.188,16.07912472,,,,,,,Apple Watch Ultra,,,,,,,
A0097,2026-04-13 3:50:08,2026-04-13T17:50:08Z,Morning Walk,Walk,FALSE,FALSE,798,798,1121.1,0.6966190281,44.4,145.669296,1.405,3.1429007,3.04,6.8002976,110.8,116,,,,,Apple Watch Ultra,,,,,,,
A0098,2026-04-12 15:04:42,2026-04-13T05:04:42Z,Night Walk,Walk,FALSE,FALSE,1559,1559,2088.6,1.2977954706,29.4,96.456696,1.34,2.9974996,2.16,4.8317904,91.8,104,,,,,Apple Watch Ultra,,,,,,,
A0099,2026-04-12 3:41:16,2026-04-12T17:41:16Z,Zwift - Tempus Fugit in Watopia,VirtualRide,FALSE,FALSE,7183,7183,64676.6,40.1881636186,99,324.80316,9.004,20.14140776,11.2,25.053728,126.7,138,122.1,123,877.2,98,Zwift,,,,,,,
A0100,2026-04-11 8:22:53,2026-04-11T22:22:53Z,Afternoon Walk,Walk,FALSE,FALSE,1413,1488,2074.3,1.2889098653,38.8,127.296592,1.468,3.28382792,2.307,5.16062058,98.9,108,,,,,Apple Watch Ultra,,,,,,,
A0101,2026-04-11 2:11:55,2026-04-11T16:11:55Z,Pool Swim,Swim,TRUE,FALSE,3764,4717,3634.7,2.2584971737,0,0,0.966,2.16088404,2.54,5.6818276,126.3,150,,,,,,,,,,,,
A0102,2026-04-10 11:22:16,2026-04-11T01:22:16Z,Zwift - May Field in Watopia,VirtualRun,FALSE,FALSE,2487,2500,6246.9,3.8816424999,0,0,2.512,5.61919328,4.52,10.1109688,131.2,145,,,,82.9,Zwift Run,,,,,,,TRUE
A0103,2026-04-10 0:08:10,2026-04-10T14:08:10Z,Pool Swim,Swim,TRUE,FALSE,2165,3180,2217.4,1.3778280554,0,0,1.024,2.29062656,2.3,5.144962,124.2,147,,,,,,,,,,,,
A0104,2026-04-09 14:39:35,2026-04-10T04:39:35Z,Outdoor Walk,Walk,FALSE,FALSE,1546,1576,2074.9,1.2892826879,25.8,84.645672,1.342,3.00197348,2.16,4.8317904,87.1,100,,,,50.1,,,,,,,,
A0105,2026-04-09 13:10:57,2026-04-10T03:10:57Z,Fitbod - Glute Mobility protocol,WeightTraining,TRUE,FALSE,1402,1402,,,0,0,0,0,0,0,,,,,,,Fitbod,,,,,,,
A0106,2026-04-09 3:57:46,2026-04-09T17:57:46Z,Zwift - May Field in Watopia,VirtualRun,FALSE,FALSE,1121,1132,3242.2,2.0146090562,0,0,2.892,6.46923048,3,6.71082,143,150,,,,88.7,Zwift Run,,,,,,,TRUE
A0107,2026-04-09 2:54:12,2026-04-09T16:54:12Z,Zwift - Pacer Group Ride with Miguel,VirtualRide,FALSE,FALSE,3644,3644,32429.9,20.1509993929,133,436.35172,8.9,19.908766,13.06,29.2144364,122.9,137,116.8,120,425.7,99.4,Zwift,,,,,,,
A0108,2026-04-08 10:23:49,2026-04-09T00:23:49Z,Zwift - May Field in Watopia,VirtualRun,FALSE,FALSE,2979,2984,8306.4,5.1613560744,0,0,2.788,6.23658872,3.1,6.934514,142.4,156,,,,85.5,Zwift Run,,,,,,,TRUE
A0109,2026-04-08 0:09:03,2026-04-08T14:09:03Z,Morning Swim,Swim,TRUE,FALSE,3033,3033,2057.4,1.2784086954,0,0,0.678,1.51664532,4.58,10.2451852,122.9,150,,,,,Apple Watch Ultra,,,,,,,
A0110,2026-04-07 15:01:47,2026-04-08T05:01:47Z,Night Walk,Walk,FALSE,FALSE,1708,1708,2078.2,1.2913332122,29.2,95.800528,1.217,2.72235598,1.96,4.3844024,84.5,102,,,,,Apple Watch Ultra,,,,,,,
A0111,2026-04-07 11:22:49,2026-04-08T01:22:49Z,Fitbod - Sore in 6 mins - Chest,WeightTraining,TRUE,FALSE,918,918,,,0,0,0,0,0,0,,,,,,,Fitbod,,,,,,,
A0112,2026-04-07 9:27:41,2026-04-07T23:27:41Z,Afternoon Walk,Walk,FALSE,FALSE,749,834,1021,0.634419791,3.8,12.467192,1.363,3.04894922,2.5,5.59235,77.9,85,,,,,Apple Watch Ultra,,,,,,,
A0113,2026-04-07 5:09:28,2026-04-07T19:09:28Z,Lunch Walk,Walk,FALSE,FALSE,494,3960,675.2,0.4195496992,25.6,83.989504,1.367,3.05789698,2.347,5.25009818,99.9,110,,,,,Apple Watch Ultra,,,,,,,
A0114,2026-04-07 1:49:29,2026-04-07T15:49:29Z,Zwift - Pacer Group Ride with Miguel,VirtualRide,FALSE,FALSE,3233,3233,29114.3,18.0907817053,166,544.61944,9.005,20.1436447,14.1,31.540854,124.1,145,122.3,126,395.3,98.7,Zwift,,,,,,,
A0115,2026-04-06 15:14:41,2026-04-07T05:14:41Z,Night Walk,Walk,FALSE,FALSE,1631,1719,2148.2,1.3348291822,31.2,102.362208,1.317,2.94604998,2.16,4.8317904,83.1,96,,,,,Apple Watch Ultra,,,,,,,
A0116,2026-04-06 8:13:15,2026-04-06T22:13:15Z,Afternoon Walk,Walk,FALSE,FALSE,815,815,1164,0.723275844,43.2,141.732288,1.428,3.19435032,2.42,5.4133948,64,64,,,,,Apple Watch Ultra,,,,,,,
A0117,2026-04-05 14:53:38,2026-04-06T04:53:38Z,Night Walk,Walk,FALSE,FALSE,1766,1808,2168.5,1.3474430135,27.8,91.207352,1.228,2.74696232,2.107,4.71323258,86.1,100,,,,,Apple Watch Ultra,,,,,,,
A0118,2026-04-05 3:42:50,2026-04-05T17:42:50Z,Morning Ride,Ride,FALSE,FALSE,7849,7930,53785.2,33.4205635092,624,2047.24416,6.852,15.32751288,21.08,47.1546952,136.8,155,133.9,141,1038.2,93.3,Wahoo ELEMNT BOLT,,,,,,,
A0119,2026-04-04 15:00:48,2026-04-05T05:00:48Z,Night Walk,Walk,FALSE,FALSE,1770,1770,2165.5,1.3455789005,35.8,117.454072,1.223,2.73577762,2.06,4.6080964,88.8,101,,,,,Apple Watch Ultra,,,,,,,
A0120,2026-04-03 15:03:20,2026-04-04T05:03:20Z,Night Walk,Walk,FALSE,FALSE,1745,1867,2165.7,1.3457031747,45.2,148.293968,1.241,2.77604254,1.973,4.41348262,83.2,99,,,,,Apple Watch Ultra,,,,,,,
A0121,2026-04-03 0:07:10,2026-04-03T14:07:10Z,Morning Swim,Swim,TRUE,FALSE,3150,3150,2148.8,1.3352020048,0,0,0.682,1.52559308,4.58,10.2451852,119.7,145,,,,,Apple Watch Ultra,,,,,,,
A0122,2026-04-02 14:47:24,2026-04-03T04:47:24Z,Night Walk,Walk,FALSE,FALSE,1685,1707,2095.3,1.3019586563,28,91.86352,1.243,2.78051642,2.047,4.57901618,86.1,99,,,,,Apple Watch Ultra,,,,,,,
A0123,2026-04-02 3:18:30,2026-04-02T17:18:30Z,Zwift - May Field in Watopia,VirtualRun,FALSE,FALSE,849,855,2438.3,1.5150889093,0,0,2.872,6.42449168,2.98,6.6660812,139.1,148,,,,89,Zwift Run,,,,,,,TRUE
A0124,2026-04-02 2:29:57,2026-04-02T16:29:57Z,Zwift - Pacer Group Ride with Miguel,VirtualRide,FALSE,FALSE,2714,2714,24591.7,15.2805692207,121,396.98164,9.061,20.26891334,14.56,32.5698464,122.9,133,118,120,320.3,98.2,Zwift,,,,,,,
A0125,2026-04-01 10:20:12,2026-04-02T00:20:12Z,Zwift - May Field in Watopia,VirtualRun,FALSE,FALSE,2983,3002,8215.5,5.1048734505,0,0,2.754,6.16053276,3.74,8.3661556,139.5,154,,,,85.2,Zwift Run,,,,,,,TRUE
A0126,2026-04-01 1:00:18,2026-04-01T15:00:18Z,Morning Swim,Swim,TRUE,FALSE,3261,3261,2583.2,1.6051255672,0,0,0.792,1.77165648,4.58,10.2451852,129,150,,,,,Apple Watch Ultra,,,,,,,
A0127,2026-03-31 11:55:48,2026-04-01T01:55:48Z,Evening Walk,Walk,FALSE,FALSE,1768,1768,2711.8,1.6850338778,5.4,17.716536,1.534,3.43146596,2.46,5.5028724,97.2,101,,,,,Apple Watch Ultra,,,,,,,
A0128,2026-03-31 4:18:53,2026-03-31T18:18:53Z,Lunch Run,Run,FALSE,FALSE,2382,2387,7440,4.62300024,33.4,109.580056,3.123,6.98596362,4.4,9.842536,147.3,168,217.2,220,517.3,,Apple Watch Ultra,,,,,,,TRUE
A0129,2026-03-30 7:09:51,2026-03-30T21:09:51Z,Afternoon Walk,Walk,FALSE,FALSE,860,919,1058.2,0.6575347922,20,65.6168,1.23,2.7514362,9.187,20.55076778,88.7,101,,,,,Apple Watch Ultra,,,,,,,
A0130,2026-03-29 1:25:08,2026-03-29T15:25:08Z,Morning Ride,Ride,FALSE,FALSE,11830,13217,80796.9,50.2048505499,778,2552.49352,6.83,15.2783002,21.12,47.2441728,138.4,156,140.7,149,1642.2,91.9,Wahoo ELEMNT BOLT,,,,,,,
A0131,2026-03-28 14:58:38,2026-03-29T04:58:38Z,Night Walk,Walk,FALSE,FALSE,1674,1693,2090.7,1.2991003497,27.8,91.207352,1.249,2.79393806,2.053,4.59243782,83.6,95,,,,,Apple Watch Ultra,,,,,,,
A0132,2026-03-28 2:08:51,2026-03-28T16:08:51Z,Pool Swim,Swim,TRUE,FALSE,3213,4856,3269,2.031261799,0,0,1.017,2.27496798,2.86,6.3976484,131.1,156,,,,,,,,,,,,
A0133,2026-03-27 14:58:46,2026-03-28T04:58:46Z,Night Walk,Walk,FALSE,FALSE,1634,1702,2081.5,1.2933837365,27.6,90.551184,1.274,2.84986156,2.153,4.81613182,89.4,101,,,,,Apple Watch Ultra,,,,,,,
A0134,2026-03-26 14:54:09,2026-03-27T04:54:09Z,Night Walk,Walk,FALSE,FALSE,1637,1637,2063.8,1.2823854698,26.4,86.614176,1.261,2.82078134,2.04,4.5633576,90,97,,,,,Apple Watch Ultra,,,,,,,
A0135,2026-03-26 3:16:46,2026-03-26T17:16:46Z,Zwift - May Field in Watopia,VirtualRun,FALSE,FALSE,1201,1209,3235,2.010135185,0,0,2.694,6.02631636,3,6.71082,131.2,141,,,,87,Zwift Run,,,,,,,
A0136,2026-03-26 2:16:21,2026-03-26T16:16:21Z,Zwift - Pacer Group Ride with Bernie,VirtualRide,FALSE,FALSE,3346,3346,25360.9,15.7585277939,205,672.5722,7.579,16.95376826,18.22,40.7570468,110.5,131,99.7,106,333.5,98.6,Zwift,,,,,,,
A0137,2026-03-25 15:07:39,2026-03-26T05:07:39Z,Night Walk,Walk,FALSE,FALSE,1586,1605,2090.6,1.2990382126,28.8,94.488192,1.318,2.94828692,2.167,4.84744898,89,101,,,,,Apple Watch Ultra,,,,,,,
A0138,2026-03-25 10:20:47,2026-03-26T00:20:47Z,Zwift - May Field in Watopia,VirtualRun,FALSE,FALSE,2907,2969,8199.9,5.0951800629,0,0,2.821,6.31040774,3.28,7.3371632,138.9,151,,,,87.2,Zwift Run,,,,,,,
A0139,2026-03-25 0:08:54,2026-03-25T14:08:54Z,Morning Swim,Swim,TRUE,FALSE,3070,3070,1805.9,1.1221338889,0,0,0.588,1.31532072,4.58,10.2451852,117.7,149,,,,,Apple Watch Ultra,,,,,,,
A0140,2026-03-24 14:33:27,2026-03-25T04:33:27Z,Night Walk,Walk,FALSE,FALSE,1542,1562,2077.6,1.2909603896,27,88.58268,1.347,3.01315818,2.087,4.66849378,88.9,99,,,,,Apple Watch Ultra,,,,,,,
A0141,2026-03-24 2:15:20,2026-03-24T16:15:20Z,Zwift - Pacer Group Ride with Bernie,VirtualRide,FALSE,FALSE,3592,3592,29338.9,18.2303416319,192,629.92128,8.168,18.27132592,16.66,37.2674204,117.2,138,100.4,104,360.5,98.5,Zwift,,,,,,,
A0142,2026-03-23 15:20:16,2026-03-24T05:20:16Z,Night Walk,Walk,FALSE,FALSE,1564,1581,2036.7,1.2655463157,27,88.58268,1.302,2.91249588,2.067,4.62375498,87.4,101,,,,,Apple Watch Ultra,,,,,,,
A0143,2026-03-23 11:41:10,2026-03-24T01:41:10Z,Fitbod - Sore in 6 mins - Chest,WeightTraining,TRUE,FALSE,454,454,,,0,0,0,0,0,0,,,,,,,Fitbod,,,,,,,
A0144,2026-03-22 14:42:08,2026-03-23T04:42:08Z,Night Walk,Walk,FALSE,FALSE,1743,1782,2126,1.321034746,28.8,94.488192,1.22,2.7290668,2.104,4.70652176,81.6,91,,,,,Apple Watch Ultra,,,,,,,
A0145,2026-03-21 14:57:37,2026-03-22T04:57:37Z,Night Walk,Walk,FALSE,FALSE,1632,1727,2082.5,1.2940051075,25.4,83.333336,1.276,2.85433544,1.947,4.35532218,94.3,97,,,,,Apple Watch Ultra,,,,,,,
A0146,2026-03-20 14:51:21,2026-03-21T04:51:21Z,Night Walk,Walk,FALSE,FALSE,1690,1709,2072.9,1.2880399459,24.4,80.052496,1.227,2.74472538,2.173,4.86087062,85.5,100,,,,,Apple Watch Ultra,,,,,,,
A0147,2026-03-18 14:44:58,2026-03-19T04:44:58Z,Night Walk,Walk,FALSE,FALSE,1722,1754,2072.5,1.2877913975,28.2,92.519688,1.204,2.69327576,2.1,4.697574,84.5,96,,,,,Apple Watch Ultra,,,,,,,
A0148,2026-03-17 14:47:31,2026-03-18T04:47:31Z,Night Walk,Walk,FALSE,FALSE,1842,1842,2096.8,1.3028907128,24.8,81.364832,1.138,2.54563772,1.82,4.0712308,70.3,94,,,,,Apple Watch Ultra,,,,,,,
A0149,2026-03-17 8:49:38,2026-03-17T22:49:38Z,Afternoon Walk,Walk,FALSE,FALSE,877,921,1161,0.721411731,38,124.67192,1.324,2.96170856,2.247,5.02640418,100.2,112,,,,,Apple Watch Ultra,,,,,,,
A0150,2026-03-15 4:28:27,2026-03-15T16:28:27Z,Lunch Run,Run,FALSE,FALSE,7415,7415,20847.6,12.9540940596,140.2,459.973768,2.812,6.29027528,4.6,10.289924,152.6,168,198.7,200,1473.4,,Apple Watch Ultra,,,,,,,
A0151,2026-03-15 1:25:24,2026-03-15T13:25:24Z,Morning Ride,Ride,FALSE,FALSE,10874,10908,90547,56.263279937,892,2926.50928,8.327,18.62699938,16.88,37.7595472,142.1,154,142,148,1531.3,96.2,Wahoo ELEMNT BOLT,,,,,,,
A0152,2026-03-14 3:08:13,2026-03-14T15:08:13Z,Outdoor Running,Run,FALSE,FALSE,1574,1585,4536.3,2.8187252673,12.4,40.682416,2.882,6.44686108,4.5,10.06623,139.4,157,199.4,199,313.9,83.5,,,,,,,,
A0153,2026-03-13 13:12:14,2026-03-14T03:12:14Z,Fitbod - Glute Mobility protocol,WeightTraining,TRUE,FALSE,1503,1503,,,0,0,0,0,0,0,,,,,,,Fitbod,,,,,,,
A0154,2026-03-13 8:49:35,2026-03-13T20:49:35Z,Afternoon Swim,Swim,FALSE,FALSE,1553,1553,939.1,0.5835295061,9.4,30.839896,0.605,1.3533487,5.986,13.39032284,150.6,174,,,,,Apple Watch Ultra,,,,,,,
A0155,2026-03-13 5:36:16,2026-03-13T17:36:16Z,Lunch Ride,Ride,FALSE,FALSE,1781,2166,13891.5,8.6317752465,53,173.88452,7.8,17.448132,12.32,27.5591008,125.1,146,124.5,136,215.5,90.1,Wahoo ELEMNT BOLT,,,,,,,
A0156,2026-03-12 1:48:37,2026-03-12T15:48:37Z,Morning Walk,Walk,FALSE,FALSE,1399,1399,2062.5,1.2815776875,27.8,91.207352,1.474,3.29724956,2.52,5.6370888,84.5,97,,,,,Apple Watch Ultra,,,,,,,
A0157,2026-03-11 14:31:43,2026-03-12T04:31:43Z,Night Walk,Walk,FALSE,FALSE,1364,1438,1799.9,1.1184056629,39.8,130.577432,1.32,2.9527608,2.1,4.697574,99.2,112,,,,,Apple Watch Ultra,,,,,,,
A0158,2026-03-11 10:55:40,2026-03-12T00:55:40Z,Zwift - May Field in Watopia,VirtualRun,FALSE,FALSE,3664,3668,9869.9,6.1328696329,0,0,2.694,6.02631636,3.24,7.2476856,136.1,154,,,,83.9,Zwift Run,,,,,,,
A0159,2026-03-11 0:08:30,2026-03-11T14:08:30Z,Morning Swim,Swim,TRUE,FALSE,2740,2740,1645.9,1.0227145289,0,0,0.601,1.34440094,4.58,10.2451852,114.8,139,,,,,Apple Watch Ultra,,,,,,,
A0160,2026-03-10 14:14:28,2026-03-11T04:14:28Z,Night Walk,Walk,FALSE,FALSE,1520,1539,2085.6,1.2959313576,28.6,93.832024,1.372,3.06908168,2.24,5.0107456,91,101,,,,,Apple Watch Ultra,,,,,,,
A0161,2026-03-10 11:21:03,2026-03-11T01:21:03Z,Evening Walk,Walk,FALSE,FALSE,861,1026,1183.7,0.7355168527,57,187.00788,1.375,3.0757925,1.531,3.42475514,,,,,,,Apple Watch Ultra,,,,,,,
A0162,2026-03-10 5:49:15,2026-03-10T19:49:15Z,Lunch Walk,Walk,FALSE,FALSE,973,1213,1344.4,0.8353711724,44.8,146.981632,1.382,3.09145108,2.68,5.9949992,87,90,,,,,Apple Watch Ultra,,,,,,,
A0163,2026-03-10 2:24:22,2026-03-10T16:24:22Z,Zwift - May Field in Watopia,VirtualRun,FALSE,FALSE,1169,1185,3245.2,2.0164731692,0,0,2.776,6.20974544,3.02,6.7555588,130.8,138,,,,88.3,Zwift Run,,,,,,,
A0164,2026-03-10 1:50:21,2026-03-10T15:50:21Z,Zwift - Tempus Fugit in Watopia,VirtualRide,FALSE,FALSE,1898,1898,18099.9,11.2467529629,28,91.86352,9.536,21.33145984,11.54,25.8142876,124.4,137,137.1,142,260.2,97.4,Zwift,,,,,,,
A0165,2026-03-09 14:56:45,2026-03-10T04:56:45Z,Night Walk,Walk,FALSE,FALSE,1541,1584,2079.6,1.2922031316,28.6,93.832024,1.35,3.019869,2.1,4.697574,89.2,109,,,,,Apple Watch Ultra,,,,,,,
A0166,2026-03-09 12:59:25,2026-03-10T02:59:25Z,Fitbod - Run Mobility/Strength,WeightTraining,TRUE,FALSE,4907,4907,,,0,0,0,0,0,0,,,,,,,Fitbod,,,,,,,
A0167,2026-03-09 11:38:27,2026-03-10T01:38:27Z,Fitbod - Sore in 6 mins - Chest,WeightTraining,TRUE,FALSE,477,477,,,0,0,0,0,0,0,,,,,,,Fitbod,,,,,,,
A0168,2026-03-08 14:12:41,2026-03-09T04:12:41Z,Night Walk,Walk,FALSE,FALSE,1459,1507,2087.5,1.2971119625,28,91.86352,1.431,3.20106114,2.28,5.1002232,90,96,,,,,Apple Watch Ultra,,,,,,,
A0169,2026-03-07 13:19:32,2026-03-08T05:19:32Z,Night Walk,Walk,FALSE,FALSE,1544,1544,2083.6,1.2946886156,25.8,84.645672,1.349,3.01763206,2.48,5.5476112,86.6,99,,,,,Apple Watch Ultra,,,,,,,
A0170,2026-03-07 4:50:40,2026-03-07T20:50:40Z,Zwift - May Field in Watopia,VirtualRun,FALSE,FALSE,2266,2310,6239.3,3.8769200803,0,0,2.753,6.15829582,3,6.71082,147.7,158,,,,86.7,Zwift Run,,,,,,,
A0171,2026-03-07 3:15:44,2026-03-07T19:15:44Z,Zwift - Tempus Fugit in Watopia,VirtualRide,FALSE,FALSE,5248,5248,48410.9,30.0811293439,73,239.50132,9.225,20.6357715,12.14,27.1564516,142.2,151,131.1,134,687.9,98.4,Zwift,,,,,,,
A0172,2026-03-07 1:19:46,2026-03-07T17:19:46Z,Morning Swim,Swim,FALSE,FALSE,2511,2511,1898.3,1.1795485693,2.2,7.217848,0.756,1.69112664,5.317,11.89380998,113.4,121,,,,,Apple Watch Ultra,,,,,,,
A0173,2026-03-06 13:52:19,2026-03-07T05:52:19Z,Night Walk,Walk,FALSE,FALSE,1569,1586,1963.8,1.2202483698,29.8,97.769032,1.252,2.80064888,2.04,4.5633576,81.4,97,,,,,Apple Watch Ultra,,,,,,,
A0174,2026-03-06 10:28:00,2026-03-07T02:28:00Z,Fitbod - Pull Up Training,WeightTraining,TRUE,FALSE,962,962,,,0,0,0,0,0,0,,,,,,,Fitbod,,,,,,,
A0175,2026-03-06 1:49:25,2026-03-06T17:49:25Z,Morning Walk,Walk,FALSE,FALSE,851,851,1207.9,0.7505540309,43.8,143.700792,1.419,3.17421786,2.2,4.921268,,,,,,,Apple Watch Ultra,,,,,,,
A0176,2026-03-05 23:06:05,2026-03-06T15:06:05Z,Morning Swim,Swim,TRUE,FALSE,3301,3301,2148.8,1.3352020048,0,0,0.651,1.45624794,4.58,10.2451852,120,143,,,,,Apple Watch Ultra,,,,,,,
A0177,2026-03-05 13:50:02,2026-03-06T05:50:02Z,Night Walk,Walk,FALSE,FALSE,1585,1602,2084.4,1.2951857124,26.4,86.614176,1.315,2.9415761,2.06,4.6080964,91.7,106,,,,,Apple Watch Ultra,,,,,,,
A0178,2026-03-05 2:19:06,2026-03-05T18:19:06Z,Zwift - May Field in Watopia,VirtualRun,FALSE,FALSE,1061,1070,2856.3,1.7748219873,0,0,2.692,6.02184248,3.38,7.5608572,134.2,145,,,,83.9,Zwift Run,,,,,,,
A0179,2026-03-05 1:35:07,2026-03-05T17:35:07Z,Zwift - Tick Tock in Watopia,VirtualRide,FALSE,FALSE,2450,2450,23065.6,14.3322949376,181,593.83204,9.415,21.0607901,15.74,35.2094356,135.7,146,157.7,162,386.4,99.5,Zwift,,,,,,,
A0180,2026-03-04 14:12:30,2026-03-05T06:12:30Z,Night Walk,Walk,FALSE,FALSE,1598,1620,2090.3,1.2988518013,27.6,90.551184,1.308,2.92591752,2.08,4.6528352,85.3,98,,,,,Apple Watch Ultra,,,,,,,
A0181,2026-03-04 3:22:29,2026-03-04T19:22:29Z,Zwift - May Field in Watopia,VirtualRun,FALSE,FALSE,3440,3448,9103.4,5.6565887614,0,0,2.646,5.91894324,3.42,7.6503348,134.8,155,,,,81.4,Zwift Run,,,,,,,TRUE
A0182,2026-03-03 23:09:17,2026-03-04T15:09:17Z,Morning Swim,Swim,TRUE,FALSE,3058,3058,1874.5,1.1647599395,0,0,0.613,1.37124422,4.58,10.2451852,115.6,145,,,,,Apple Watch Ultra,,,,,,,
A0183,2026-03-03 13:34:04,2026-03-04T05:34:04Z,Outdoor Walking,Walk,FALSE,FALSE,1299,1336,1665.4,1.0348312634,20.6,67.585304,1.282,2.86775708,1.74,3.8922756,87.5,104,,,,44.2,,,,,,,,
A0184,2026-03-03 12:21:03,2026-03-04T04:21:03Z,Fitbod - Kettlebell Conditioning,WeightTraining,TRUE,FALSE,3673,3673,,,0,0,0,0,0,0,,,,,,,Fitbod,,,,,,,
A0185,2026-03-03 1:17:15,2026-03-03T17:17:15Z,Zwift - Tempus Fugit in Watopia,VirtualRide,FALSE,FALSE,2649,2649,26880.8,16.7029495768,42,137.79528,10.148,22.70046712,13.56,30.3329064,140.4,158,161.6,172,428.1,100.3,Zwift,,,,,,,
A0186,2026-03-02 14:14:19,2026-03-03T06:14:19Z,Night Walk,Walk,FALSE,FALSE,1659,1681,2080.5,1.2927623655,29,95.14436,1.254,2.80512276,2.04,4.5633576,84.2,102,,,,,Apple Watch Ultra,,,,,,,
A0187,2026-03-02 12:37:03,2026-03-03T04:37:03Z,Fitbod - Run Mobility/Strength,WeightTraining,TRUE,FALSE,3895,3895,,,0,0,0,0,0,0,,,,,,,Fitbod,,,,,,,
A0188,2026-03-02 10:59:51,2026-03-03T02:59:51Z,Fitbod - Sore in 6 mins - Chest,WeightTraining,TRUE,FALSE,493,493,,,0,0,0,0,0,0,,,,,,,Fitbod,,,,,,,
A0189,2026-03-02 9:01:56,2026-03-03T01:01:56Z,Afternoon Walk,Walk,FALSE,FALSE,763,971,1263.3,0.7849779843,57,187.00788,1.656,3.70437264,10.933,24.45646502,72.5,84,,,,,Apple Watch Ultra,,,,,,,
A0190,2026-03-01 14:09:02,2026-03-02T06:09:02Z,Night Walk,Walk,FALSE,FALSE,1665,1685,2079.9,1.2923895429,28.6,93.832024,1.249,2.79393806,1.98,4.4291412,86.1,101,,,,,Apple Watch Ultra,,,,,,,
A0191,2026-03-01 2:07:21,2026-03-01T18:07:21Z,Morning Run,Run,FALSE,FALSE,7217,7270,21980.6,13.6581074026,76,249.34384,3.046,6.81371924,5.64,12.6163416,140.8,154,214.7,215,1549.1,,Apple Watch Ultra,,,,,,,
A0192,2026-02-28 11:52:34,2026-03-01T03:52:34Z,Evening Walk,Walk,FALSE,FALSE,1658,1675,2068.4,1.2852437764,28,91.86352,1.248,2.79170112,2.04,4.5633576,88,101,,,,,Apple Watch Ultra,,,,,,,
A0193,2026-02-28 3:51:56,2026-02-28T19:51:56Z,Zwift - Tempus Fugit in Watopia,VirtualRide,FALSE,FALSE,10080,10103,88768.6,55.1582337506,136,446.19424,8.806,19.69849364,11.2,25.053728,133.1,144,118.6,119,1195.8,97.9,Zwift,,,,,,,
A0194,2026-02-28 1:26:00,2026-02-28T17:26:00Z,Morning Swim,Swim,FALSE,FALSE,2471,2471,1681.5,1.0448353365,15.6,51.181104,0.68,1.5211192,3.589,8.02837766,129,139,,,,,Apple Watch Ultra,,,,,,,
A0195,2026-02-27 13:19:00,2026-02-28T05:19:00Z,Night Walk,Walk,FALSE,FALSE,1695,1695,2098.7,1.3040713177,30,98.4252,1.238,2.76933172,2.14,4.7870516,84.5,106,,,,,Apple Watch Ultra,,,,,,,
A0196,2026-02-26 23:08:56,2026-02-27T15:08:56Z,Morning Swim,Swim,TRUE,FALSE,3056,3056,2126,1.321034746,0,0,0.696,1.55691024,4.58,10.2451852,119,147,,,,,Apple Watch Ultra,,,,,,,
A0197,2026-02-26 13:30:58,2026-02-27T05:30:58Z,Night Walk,Walk,FALSE,FALSE,1609,1609,2090.1,1.2987275271,28.2,92.519688,1.299,2.90578506,2.18,4.8765292,89,102,,,,,Apple Watch Ultra,,,,,,,
A0198,2026-02-26 10:32:45,2026-02-27T02:32:45Z,Evening Walk,Walk,FALSE,FALSE,919,987,1257.6,0.7814361696,58.4,191.601056,1.368,3.06013392,3.238,7.24321172,77.3,86,,,,,Apple Watch Ultra,,,,,,,
A0199,2026-02-26 6:49:41,2026-02-26T22:49:41Z,Afternoon Walk,Walk,FALSE,FALSE,898,2724,1241.8,0.7716185078,43,141.07612,1.383,3.09368802,2.28,5.1002232,112.6,120,,,,,Apple Watch Ultra,,,,,,,
A0200,2026-02-26 2:30:53,2026-02-26T18:30:53Z,Zwift - May Field in Watopia,VirtualRun,FALSE,FALSE,1193,1205,2635.8,1.6378096818,0,0,2.209,4.94140046,2.58,5.7713052,124.2,132,,,,80.4,Zwift Run,,,,,,,
A0201,2026-02-26 1:01:47,2026-02-26T17:01:47Z,Zwift - Tick Tock in Watopia,VirtualRide,FALSE,FALSE,4828,4828,43089.4,26.7745035674,356,1167.97904,8.925,19.9646895,16.34,36.5515996,135.5,150,134.4,138,648.9,100.3,Zwift,,,,,,,
A0202,2026-02-25 13:48:25,2026-02-26T05:48:25Z,Night Walk,Walk,FALSE,FALSE,2043,2265,2468,1.533543628,42,137.79528,1.208,2.70222352,2.22,4.9660068,88.1,105,,,,,Apple Watch Ultra,,,,,,,
A0203,2026-02-25 8:24:28,2026-02-26T00:24:28Z,Zwift - May Field in Watopia,VirtualRun,FALSE,FALSE,4964,4982,12407.7,7.7097849567,0,0,2.5,5.59235,3.36,7.5161184,137,156,,,,78.9,Zwift Run,,,,,,,
A0204,2026-02-25 8:24:27,2026-02-26T00:24:27Z,Afternoon Run,Run,TRUE,FALSE,4965,4983,12227.2,7.5976274912,0,0,2.463,5.50958322,3.36,7.5161184,139.6,168,,,,,Apple Watch Ultra,,,,,,,
A0205,2026-02-25 5:59:13,2026-02-25T21:59:13Z,Afternoon Walk,Walk,FALSE,FALSE,797,897,1124.5,0.6987316895,0,0,1.411,3.15632234,5.938,13.28294972,108,108,,,,,Apple Watch Ultra,,,,,,,
A0206,2026-02-25 1:40:05,2026-02-25T17:40:05Z,Morning Walk,Walk,FALSE,FALSE,720,738,1016.5,0.6316236215,39.6,129.921264,1.412,3.15855928,2.333,5.21878102,107.4,122,,,,,Apple Watch Ultra,,,,,,,
A0207,2026-02-24 12:36:52,2026-02-25T04:36:52Z,Fitbod - Kettlebell Conditioning,WeightTraining,TRUE,FALSE,3038,3038,,,0,0,0,0,0,0,,,,,,,Fitbod,,,,,,,
A0208,2026-02-24 10:01:10,2026-02-25T02:01:10Z,Fitbod - Sore in 6 mins - Chest,WeightTraining,TRUE,FALSE,646,646,,,0,0,0,0,0,0,,,,,,,Fitbod,,,,,,,
A0209,2026-02-24 1:27:06,2026-02-24T17:27:06Z,Zwift - Tick Tock in Watopia,VirtualRide,FALSE,FALSE,3529,3529,35650.4,22.1521246984,59,193.56956,10.102,22.59756788,13.16,29.4381304,145.4,160,153.7,165,542.4,100.4,Zwift,,,,,,,
A0210,2026-02-22 13:38:25,2026-02-23T05:38:25Z,Night Walk,Walk,FALSE,FALSE,1624,1624,2100,1.3048791,30.4,99.737536,1.293,2.89236342,2.14,4.7870516,85.2,101,,,,,Apple Watch Ultra,,,,,,,
A0211,2026-02-22 5:12:11,2026-02-22T21:12:11Z,Afternoon Run,Run,FALSE,FALSE,3333,3394,9736.3,6.0498544673,42.4,139.107616,2.921,6.53410174,3.88,8.6793272,144.9,155,205.3,204,684.3,,Apple Watch Ultra,,,,,,,
A0212,2026-02-22 1:39:30,2026-02-22T17:39:30Z,Morning Ride,Ride,FALSE,FALSE,10617,11274,87485,54.360641935,457,1499.34388,8.24,18.4323856,16.52,36.9542488,135.6,150,145.6,149,1526.9,98.6,Wahoo ELEMNT BOLT,,,,,,,
A0213,2026-02-21 1:01:44,2026-02-21T15:01:44Z,Morning Walk,Walk,FALSE,FALSE,1382,1382,2262.7,1.4059761617,2,6.56168,1.637,3.66187078,2.88,6.4423872,89.5,96,,,,,Apple Watch Ultra,,,,,,,
A0214,2026-02-20 6:29:47,2026-02-20T20:29:47Z,Afternoon Walk,Walk,FALSE,FALSE,1257,1875,1328.3,0.8253670993,4.6,15.091864,1.057,2.36444558,2.204,4.93021576,78.8,93,,,,,Apple Watch Ultra,,,,,,,
A0215,2026-02-19 0:58:42,2026-02-19T14:58:42Z,Morning Run,Run,FALSE,FALSE,3959,4059,10183.6,6.3277937156,21.8,71.522312,2.572,5.75340968,3.54,7.9187676,128.6,139,179.5,180,710.5,,Apple Watch Ultra,,,,,,,
A0216,2026-02-18 0:03:21,2026-02-18T14:03:21Z,Morning Run,Run,FALSE,FALSE,4401,4471,11982.3,7.4454537333,20.8,68.241472,2.723,6.09118762,5.22,11.6768268,132.3,177,,,,,Apple Watch Ultra,,,,,,,
A0217,2026-02-16 23:21:20,2026-02-17T13:21:20Z,Morning Run,Run,FALSE,FALSE,3423,3494,9932.5,6.1717674575,21.6,70.866144,2.902,6.49159988,3.547,7.93442618,139.5,153,201,201,688.1,,Apple Watch Ultra,,,,,,,
A0218,2026-02-16 8:42:59,2026-02-16T22:42:59Z,Afternoon Walk,Walk,FALSE,FALSE,1271,1423,1471.5,0.9143474265,12.6,41.338584,1.158,2.59037652,2.32,5.1897008,80.7,86,,,,,Apple Watch Ultra,,,,,,,
A0219,2026-02-16 5:52:48,2026-02-16T19:52:48Z,Afternoon Walk,Walk,FALSE,FALSE,943,1200,962.9,0.5983181359,2.8,9.186352,1.021,2.28391574,1.967,4.40006098,77.6,88,,,,,Apple Watch Ultra,,,,,,,
A0220,2026-02-14 23:12:55,2026-02-15T15:12:55Z,Morning Run,Run,TRUE,FALSE,5979,6004,16656.2,10.3496796502,0,0,2.786,6.23211484,3.38,7.5608572,137,154,,,,,Apple Watch Ultra,,,,,,,
A0221,2026-02-14 1:30:13,2026-02-14T17:30:13Z,Zwift - Tempus Fugit in Watopia,VirtualRide,FALSE,FALSE,11644,11680,104973,65.227177983,160,524.9344,9.015,20.1660141,11.64,26.0379816,132,143,121.3,123,1412.7,98.9,Zwift,,,,,,,
A0222,2026-02-14 1:25:21,2026-02-14T17:25:21Z,Zwift - Pacer Group Ride: Waisted 8 in Watopia with Miguel,VirtualRide,FALSE,FALSE,261,261,2400.3,1.4914768113,15,49.2126,9.197,20.57313718,14.38,32.1671972,115.5,121,131.8,127,34.4,97.6,Zwift,,,,,,,
A0223,2026-02-13 23:10:24,2026-02-14T15:10:24Z,Morning Swim,Swim,TRUE,FALSE,3972,3972,3040.4,1.8892163884,0,0,0.765,1.7112591,4.58,10.2451852,126.7,152,,,,,Apple Watch Ultra,,,,,,,
A0224,2026-02-13 13:26:10,2026-02-14T05:26:10Z,Night Walk,Walk,FALSE,FALSE,1549,1617,2098.1,1.3036984951,29,95.14436,1.354,3.02881676,2.107,4.71323258,84.5,100,,,,,Apple Watch Ultra,,,,,,,
A0226,2026-02-12 23:07:42,2026-02-13T15:07:42Z,Morning Swim,Swim,TRUE,FALSE,3131,3131,2057.4,1.2784086954,0,0,0.657,1.46966958,4.58,10.2451852,120.3,144,,,,,Apple Watch Ultra,,,,,,,
A0227,2026-02-12 13:30:47,2026-02-13T05:30:47Z,Night Walk,Walk,FALSE,FALSE,1555,1616,2077.4,1.2908361154,28.2,92.519688,1.336,2.98855184,2.12,4.7423128,88.2,104,,,,,Apple Watch Ultra,,,,,,,
A0228,2026-02-12 7:51:03,2026-02-12T23:51:03Z,Afternoon Walk,Walk,FALSE,FALSE,812,812,1180.9,0.7337770139,45.2,148.293968,1.454,3.25251076,2.4,5.368656,,,,,,,Apple Watch Ultra,,,,,,,
A0229,2026-02-12 2:47:39,2026-02-12T18:47:39Z,Zwift - May Field in Watopia,VirtualRun,FALSE,FALSE,1209,1260,2868.7,1.7825269877,0,0,2.373,5.30825862,2.92,6.5318648,124.4,135,,,,80.1,Zwift Run,,,,,,,
A0230,2026-02-12 2:47:38,2026-02-12T18:47:38Z,Morning Run,Run,TRUE,FALSE,1268,1268,3030.7,1.8831890897,0,0,2.39,5.3462866,3.32,7.4266408,145.4,165,,,,,Apple Watch Ultra,,,,,,,
A0231,2026-02-12 1:21:33,2026-02-12T17:21:33Z,Morning Ride,Ride,TRUE,FALSE,5012,5012,,,0,0,0,0,0,0,128.2,139,,,,,Apple Watch Ultra,,,,,,,
A0232,2026-02-12 1:21:08,2026-02-12T17:21:08Z,Zwift - Tick Tock in Watopia,VirtualRide,FALSE,FALSE,4993,4993,43218.7,26.8548468377,356,1167.97904,8.656,19.36295264,15.24,34.0909656,128.1,139,128.7,130,642.7,101.5,Zwift,,,,,,,
A0233,2026-02-11 9:08:38,2026-02-12T01:08:38Z,Zwift - May Field in Watopia,VirtualRun,FALSE,FALSE,5450,5743,14523.3,9.0243574443,0,0,2.665,5.9614451,3.4,7.605596,143.2,159,,,,82.5,Zwift Run,,,,,,,
A0234,2026-02-11 7:32:47,2026-02-11T23:32:47Z,Afternoon Walk,Walk,FALSE,FALSE,1337,1411,2049.7,1.2736241387,28.8,94.488192,1.533,3.42922902,2.4,5.368656,97.5,112,,,,,Apple Watch Ultra,,,,,,,
A0235,2026-02-10 23:07:14,2026-02-11T15:07:14Z,Morning Swim,Swim,TRUE,FALSE,3153,3153,2148.8,1.3352020048,0,0,0.682,1.52559308,4.58,10.2451852,120.5,145,,,,,Apple Watch Ultra,,,,,,,
A0236,2026-02-10 13:01:52,2026-02-11T05:01:52Z,Fitbod - Kettlebell Conditioning,WeightTraining,TRUE,FALSE,2057,2057,,,0,0,0,0,0,0,,,,,,,Fitbod,,,,,,,
A0237,2026-02-10 10:14:27,2026-02-11T02:14:27Z,Fitbod - Sore in 6 mins - Chest,WeightTraining,TRUE,FALSE,458,458,,,0,0,0,0,0,0,,,,,,,Fitbod,,,,,,,
A0238,2026-02-10 4:12:20,2026-02-10T20:12:20Z,Zwift - Tempus Fugit in Watopia,VirtualRide,FALSE,FALSE,3049,3049,28640,17.79606544,46,150.91864,9.393,21.01157742,11.58,25.9037652,128,138,133.5,135,406.9,102.4,Zwift,,,,,,,
A0239,2026-02-09 14:24:02,2026-02-10T06:24:02Z,Fitbod - Run Mobility/Strength,WeightTraining,TRUE,FALSE,3551,3551,,,0,0,0,0,0,0,,,,,,,Fitbod,,,,,,,
A0240,2026-02-09 4:09:17,2026-02-09T20:09:17Z,Lunch Walk,Walk,FALSE,FALSE,772,897,1096.4,0.6812711644,42.6,139.763784,1.42,3.1764548,2.393,5.35299742,88,90,,,,,Apple Watch Ultra,,,,,,,
A0241,2026-02-08 13:48:01,2026-02-09T05:48:01Z,Night Walk,Walk,FALSE,FALSE,1585,1623,2070.2,1.2863622442,25.4,83.333336,1.306,2.92144364,2.08,4.6528352,95.3,105,,,,,Apple Watch Ultra,,,,,,,
A0242,2026-02-08 4:58:31,2026-02-08T20:58:31Z,Lunch Run,Run,FALSE,FALSE,3261,3327,9738.3,6.0510972093,40,131.2336,2.986,6.67950284,3.76,8.4108944,150.8,159,211.5,211,689.8,,Apple Watch Ultra,,,,,,,
A0243,2026-02-08 0:29:53,2026-02-08T16:29:53Z,Morning Ride,Ride,FALSE,FALSE,13267,14116,104592,64.990435632,594,1948.81896,7.884,17.63603496,16.52,36.9542488,132.5,145,137.1,140,1791,95.5,Wahoo ELEMNT BOLT,,,,,,,
A0244,2026-02-07 8:36:33,2026-02-08T00:36:33Z,Afternoon Walk,Walk,FALSE,FALSE,1471,1599,2044.5,1.2703930095,28,91.86352,1.39,3.1093466,2.193,4.90560942,97.2,106,,,,,Apple Watch Ultra,,,,,,,
A0245,2026-02-07 2:50:00,2026-02-07T18:50:00Z,Zwift - May Field in Watopia,VirtualRun,FALSE,FALSE,1215,1220,3108.6,1.9315938906,0,0,2.559,5.72432946,2.7,6.039738,134.6,139,,,,88.1,Zwift Run,,,,,,,
A0246,2026-02-07 1:14:49,2026-02-07T17:14:49Z,Zwift - Pacer Group Ride: Country to Coastal in Makuri Islands with Miguel,VirtualRide,FALSE,FALSE,5479,5479,46340.6,28.7947049626,374,1227.03416,8.458,18.92003852,17.86,39.9517484,134.5,147,123.3,126,675.5,100.2,Zwift,,,,,,,
A0247,2026-02-06 23:08:24,2026-02-07T15:08:24Z,Morning Swim,Swim,TRUE,FALSE,4581,4581,3429,2.130681159,0,0,0.749,1.67546806,4.58,10.2451852,129.9,156,,,,,Apple Watch Ultra,,,,,,,
A0248,2026-02-06 13:02:37,2026-02-07T05:02:37Z,Night Walk,Walk,FALSE,FALSE,1529,1558,2122,1.318549262,28,91.86352,1.388,3.10487272,2.22,4.9660068,91.3,104,,,,,Apple Watch Ultra,,,,,,,
A0249,2026-02-05 23:09:30,2026-02-06T15:09:30Z,Morning Swim,Swim,TRUE,FALSE,3008,3008,2286,1.420454106,0,0,0.76,1.7000744,4.58,10.2451852,123.6,147,,,,,Apple Watch Ultra,,,,,,,
A0250,2026-02-05 12:31:01,2026-02-06T04:31:01Z,Evening Walk,Walk,FALSE,FALSE,1710,1751,2096.5,1.3027043015,27.6,90.551184,1.226,2.74248844,2.027,4.53427738,87.2,98,,,,,Apple Watch Ultra,,,,,,,
A0251,2026-02-04 8:34:32,2026-02-05T00:34:32Z,Zwift - May Field in Watopia,VirtualRun,FALSE,FALSE,6609,6656,17287.2,10.7417647512,0,0,2.616,5.85183504,3.32,7.4266408,141.1,165,,,,81.5,Zwift Run,,,,,,,
A0252,2026-02-03 23:07:57,2026-02-04T15:07:57Z,Morning Swim,Swim,TRUE,FALSE,3071,3071,2286,1.420454106,0,0,0.744,1.66428336,4.58,10.2451852,121.5,149,,,,,Apple Watch Ultra,,,,,,,
A0253,2026-02-03 14:00:19,2026-02-04T06:00:19Z,Night Walk,Walk,FALSE,FALSE,1654,1671,2059.2,1.2795271632,30.4,99.737536,1.245,2.7849903,2.033,4.54769902,90.1,103,,,,,Apple Watch Ultra,,,,,,,
A0254,2026-02-03 12:28:00,2026-02-04T04:28:00Z,Fitbod - Kettlebell Conditioning,WeightTraining,TRUE,FALSE,4001,4001,,,0,0,0,0,0,0,,,,,,,Fitbod,,,,,,,
A0255,2026-02-03 9:37:42,2026-02-04T01:37:42Z,Afternoon Walk,Walk,FALSE,FALSE,963,1131,1447.1,0.8991859741,57,187.00788,1.503,3.36212082,8.891,19.88863354,,,,,,,Apple Watch Ultra,,,,,,,
A0256,2026-02-03 6:48:48,2026-02-03T22:48:48Z,Afternoon Walk,Walk,FALSE,FALSE,928,1142,1245.3,0.7737933063,48.2,158.136488,1.342,3.00197348,2.273,5.08456462,111.3,120,,,,,Apple Watch Ultra,,,,,,,
A0257,2026-02-03 1:02:49,2026-02-03T17:02:49Z,Zwift - Tempus Fugit in Watopia,VirtualRide,FALSE,FALSE,3264,3264,32634.8,20.2783183108,52,170.60368,9.998,22.36492612,12.4,27.738056,137.3,155,146.9,153,479.5,97.9,Zwift,,,,,,,
A0258,2026-02-02 14:40:22,2026-02-03T06:40:22Z,Night Walk,Walk,FALSE,FALSE,1726,1749,2082.6,1.2940672446,27.8,91.207352,1.207,2.69998658,2.1,4.697574,85.5,96,,,,,Apple Watch Ultra,,,,,,,
A0259,2026-02-02 13:13:50,2026-02-03T05:13:50Z,Fitbod - Run Mobility/Strength,WeightTraining,TRUE,FALSE,3534,3534,,,0,0,0,0,0,0,,,,,,,Fitbod,,,,,,,
A0260,2026-02-02 10:34:53,2026-02-03T02:34:53Z,Fitbod - Sore in 6 mins - Chest,WeightTraining,TRUE,FALSE,608,608,,,0,0,0,0,0,0,,,,,,,Fitbod,,,,,,,
A0261,2026-02-02 8:10:00,2026-02-03T00:10:00Z,Afternoon Walk,Walk,FALSE,FALSE,1088,1106,1258,0.781684718,61.2,200.787408,1.156,2.58590264,2.193,4.90560942,67,67,,,,,Apple Watch Ultra,,,,,,,
A0262,2026-02-02 4:46:42,2026-02-02T20:46:42Z,Lunch Walk,Walk,FALSE,FALSE,1181,1414,1523.6,0.9467208556,49.4,162.073496,1.29,2.8856526,2.127,4.75797138,89.9,100,,,,,Apple Watch Ultra,,,,,,,
A0263,2026-02-01 6:26:22,2026-02-01T22:26:22Z,Afternoon Walk,Walk,FALSE,FALSE,1076,1725,1384.6,0.8603502866,18,59.05512,1.287,2.87894178,2.1,4.697574,97.3,108,,,,,Apple Watch Ultra,,,,,,,
A0264,2026-02-01 1:15:51,2026-02-01T17:15:51Z,Morning Run,Run,FALSE,FALSE,6285,6432,19400.6,12.0549702226,72,236.22048,3.087,6.90543378,4.8,10.737312,146,174,221.6,221,1392.5,,Apple Watch Ultra,,,,,,,
A0265,2026-01-31 0:55:27,2026-01-31T16:55:27Z,Morning Ride,Ride,FALSE,FALSE,12086,12779,99737.5,61.9739901125,529,1735.56436,8.252,18.45922888,17.72,39.6385768,137.1,153,146,149,1735.1,98.1,Wahoo ELEMNT BOLT,,,,,,,
A0266,2026-01-30 23:09:51,2026-01-31T15:09:51Z,Morning Swim,Swim,TRUE,FALSE,4494,4494,3474.7,2.1590778137,0,0,0.773,1.72915462,4.58,10.2451852,123.7,147,,,,,Apple Watch Ultra,,,,,,,
A0267,2026-01-30 13:10:13,2026-01-31T05:10:13Z,Night Walk,Walk,FALSE,FALSE,1628,1647,2092.6,1.3002809546,29.4,96.456696,1.285,2.8744679,2.133,4.77139302,88.6,105,,,,,Apple Watch Ultra,,,,,,,
A0268,2026-01-29 23:07:45,2026-01-30T15:07:45Z,Morning Swim,Swim,TRUE,FALSE,3146,3146,2263.1,1.4062247101,0,0,0.719,1.60835986,4.58,10.2451852,115,140,,,,,Apple Watch Ultra,,,,,,,
A0269,2026-01-29 13:14:53,2026-01-30T05:14:53Z,Night Walk,Walk,FALSE,FALSE,1686,1753,2101.3,1.3056868823,26,85.30184,1.246,2.78722724,1.94,4.3396636,87.5,104,,,,,Apple Watch Ultra,,,,,,,
A0270,2026-01-29 3:13:16,2026-01-29T19:13:16Z,Zwift - May Field in Watopia,VirtualRun,FALSE,FALSE,1428,1432,3242.5,2.0147954675,0,0,2.271,5.08009074,2.84,6.3529096,111.2,126,,,,78.6,Zwift Run,,,,,,,
A0271,2026-01-29 2:24:12,2026-01-29T18:24:12Z,Zwift - Tempus Fugit in Watopia,VirtualRide,FALSE,FALSE,2730,2730,24496.6,15.2214768386,38,124.67192,8.973,20.07206262,11.58,25.9037652,109.9,119,112.1,113,306,97,Zwift,,,,,,,
A0272,2026-01-28 13:54:18,2026-01-29T05:54:18Z,Night Walk,Walk,FALSE,FALSE,1715,1855,2131.4,1.3243901494,28.2,92.519688,1.243,2.78051642,2.027,4.53427738,83.6,97,,,,,Apple Watch Ultra,,,,,,,
A0273,2026-01-28 6:57:52,2026-01-28T22:57:52Z,Zwift - May Field in Watopia,VirtualRun,FALSE,FALSE,3052,3058,8067.7,5.0130348167,0,0,2.643,5.91223242,3.26,7.2924244,130.6,140,,,,88.6,Zwift Run,,,,,,,
A0274,2026-01-28 6:55:51,2026-01-28T22:55:51Z,Afternoon Run,Run,TRUE,FALSE,3173,3173,8717.8,5.4169881038,0,0,2.748,6.14711112,3.2,7.158208,151.1,161,,,,,Apple Watch Ultra,,,,,,,
A0275,2026-01-27 23:09:07,2026-01-28T15:09:07Z,Pool Swim,Swim,TRUE,FALSE,2018,3082,1874.5,1.1647599395,0,0,0.929,2.07811726,2.3,5.144962,118.5,140,,,,,,,,,,,,
A0276,2026-01-27 13:14:58,2026-01-28T05:14:58Z,Night Walk,Walk,FALSE,FALSE,1699,1716,2086.1,1.2962420431,26.6,87.270344,1.228,2.74696232,1.967,4.40006098,87.3,104,,,,,Apple Watch Ultra,,,,,,,
A0277,2026-01-27 3:28:42,2026-01-27T19:28:42Z,Zwift - Pacer Group Ride: Petit Boucle in France with Bernie,VirtualRide,FALSE,FALSE,2791,2791,24302.8,15.1010551388,111,364.17324,8.708,19.47927352,18.68,41.7860392,109.1,118,104.8,107,292.4,97.7,Zwift,,,,,,,
A0278,2026-01-27 3:22:40,2026-01-27T19:22:40Z,Lunch Ride,Ride,TRUE,FALSE,3172,3172,,,0,0,0,0,0,0,106.7,118,,,,,Apple Watch Ultra,,,,,,,
A0279,2026-01-26 12:52:07,2026-01-27T04:52:07Z,Evening Walk,Walk,FALSE,FALSE,1735,1806,2080.1,1.2925138171,29.8,97.769032,1.199,2.68209106,1.86,4.1607084,88.3,108,,,,,Apple Watch Ultra,,,,,,,
A0280,2026-01-26 9:42:22,2026-01-27T01:42:22Z,Fitbod - Sore in 6 mins - Chest,WeightTraining,TRUE,FALSE,663,663,,,0,0,0,0,0,0,,,,,,,Fitbod,,,,,,,
A0281,2026-01-25 13:46:37,2026-01-26T05:46:37Z,Night Walk,Walk,FALSE,FALSE,1667,1714,2121.1,1.3179900281,30.8,101.049872,1.272,2.84538768,2.067,4.62375498,88.3,105,,,,,Apple Watch Ultra,,,,,,,
A0282,2026-01-25 4:29:35,2026-01-25T20:29:35Z,Lunch Run,Run,FALSE,FALSE,3324,3334,9677.3,6.0131935783,19,62.33596,2.911,6.51173234,4.02,8.9924988,141.7,151,207.1,207,688.5,,Apple Watch Ultra,,,,,,,
A0283,2026-01-25 0:30:53,2026-01-25T16:30:53Z,Morning Ride,Ride,FALSE,FALSE,10350,10955,88553.8,55.0247632598,404,1325.45936,8.556,19.13925864,15.5,34.67257,138.5,148,152.3,155,1569.3,100.9,Wahoo ELEMNT BOLT,,,,,,,
A0284,2026-01-24 13:04:56,2026-01-25T05:04:56Z,Night Walk,Walk,FALSE,FALSE,1545,1579,2087.1,1.2968634141,28,91.86352,1.351,3.02210594,2.167,4.84744898,92.7,105,,,,,Apple Watch Ultra,,,,,,,
A0285,2026-01-24 4:04:20,2026-01-24T20:04:20Z,Zwift - May Field in Watopia,VirtualRun,FALSE,FALSE,1209,1213,3108.6,1.9315938906,0,0,2.571,5.75117274,2.92,6.5318648,139.1,146,,,,85.9,Zwift Run,,,,,,,
A0286,2026-01-24 2:00:24,2026-01-24T18:00:24Z,Zwift - Pacer Group Ride: Volcano Flat in Watopia with Miguel,VirtualRide,FALSE,FALSE,7279,7279,64665.8,40.1814528118,259,849.73756,8.884,19.87297496,13.68,30.6013392,137.3,149,121.3,123,882.8,99.1,Zwift,,,,,,,
A0287,2026-01-24 0:07:58,2026-01-24T16:07:58Z,Morning Swim,Swim,TRUE,FALSE,3529,3529,2606,1.619292826,0,0,0.738,1.65086172,4.58,10.2451852,134.9,156,,,,,Apple Watch Ultra,,,,,,,
A0288,2026-01-23 13:52:35,2026-01-24T05:52:35Z,Night Walk,Walk,FALSE,FALSE,1728,1804,2199.6,1.3667676516,25.6,83.989504,1.273,2.84762462,2.06,4.6080964,89.1,100,,,,,Apple Watch Ultra,,,,,,,
A0289,2026-01-23 9:49:51,2026-01-24T01:49:51Z,Afternoon Walk,Walk,FALSE,FALSE,1011,1077,1231.1,0.7649698381,57.2,187.664048,1.218,2.72459292,8.958,20.03850852,79.4,96,,,,,Apple Watch Ultra,,,,,,,
A0290,2026-01-23 5:53:21,2026-01-23T21:53:21Z,Afternoon Walk,Walk,FALSE,FALSE,853,853,1149.4,0.7142038274,46.6,152.887144,1.347,3.01315818,2.207,4.93692658,,,,,,,Apple Watch Ultra,,,,,,,
A0291,2026-01-22 23:08:53,2026-01-23T15:08:53Z,Morning Swim,Swim,TRUE,FALSE,3076,3076,1943.1,1.2073859901,0,0,0.632,1.41374608,4.58,10.2451852,125.8,153,,,,,Apple Watch Ultra,,,,,,,
A0292,2026-01-22 13:20:07,2026-01-23T05:20:07Z,Night Walk,Walk,FALSE,FALSE,1607,1624,2092.5,1.3002188175,27.8,91.207352,1.302,2.91249588,2.1,4.697574,87.1,101,,,,,Apple Watch Ultra,,,,,,,
A0293,2026-01-22 11:50:44,2026-01-23T03:50:44Z,Fitbod - Glute Mobility protocol,WeightTraining,TRUE,FALSE,1618,1618,,,0,0,0,0,0,0,,,,,,,Fitbod,,,,,,,
A0294,2026-01-22 10:01:10,2026-01-23T02:01:10Z,Fitbod - Pull Up Training,WeightTraining,TRUE,FALSE,983,983,,,0,0,0,0,0,0,,,,,,,Fitbod,,,,,,,
A0295,2026-01-22 1:51:55,2026-01-22T17:51:55Z,Zwift - May Field in Watopia,VirtualRun,FALSE,FALSE,1205,1218,2941.8,1.8279492078,0,0,2.441,5.46037054,2.94,6.5766036,130,141,,,,82.3,Zwift Run,,,,,,,
A0296,2026-01-22 0:58:07,2026-01-22T16:58:07Z,Zwift - Tick Tock in Watopia,VirtualRide,FALSE,FALSE,3064,3064,27250.4,16.9326082984,242,793.96328,8.894,19.89534436,15.4,34.448876,135.4,156,142.5,150,436.8,100.4,Zwift,,,,,,,
A0297,2026-01-21 8:06:36,2026-01-22T00:06:36Z,Afternoon Run,Run,FALSE,FALSE,6492,6515,17035.7,10.5854899447,420.8,1380.577472,2.624,5.86973056,4.26,9.5293644,136.9,171,204.4,206,1326.8,,Apple Watch Ultra,,,,,,,
A0298,2026-01-20 23:09:55,2026-01-21T15:09:55Z,Morning Swim,Swim,TRUE,FALSE,3073,3073,2011.7,1.2500120407,0,0,0.655,1.4651957,4.58,10.2451852,125,154,,,,,Apple Watch Ultra,,,,,,,
A0299,2026-01-20 13:47:14,2026-01-21T05:47:14Z,Night Walk,Walk,FALSE,FALSE,1583,1583,2080.1,1.2925138171,27.8,91.207352,1.314,2.93933916,2.36,5.2791784,88.3,103,,,,,Apple Watch Ultra,,,,,,,
A0300,2026-01-20 11:57:48,2026-01-21T03:57:48Z,Fitbod - Kettlebell Conditioning,WeightTraining,TRUE,FALSE,2828,2828,,,0,0,0,0,0,0,,,,,,,Fitbod,,,,,,,
A0301,2026-01-20 3:04:10,2026-01-20T19:04:10Z,Zwift - Tempus Fugit in Watopia,VirtualRide,FALSE,FALSE,3287,3287,32655.6,20.2912428276,53,173.88452,9.935,22.2239989,12.12,27.1117128,131.5,145,150.5,155,494.6,98.3,Zwift,,,,,,,
A0302,2026-01-19 13:05:18,2026-01-20T05:05:18Z,Night Walk,Walk,FALSE,FALSE,1714,1786,2100.4,1.3051276484,28.4,93.175856,1.225,2.7402515,1.9,4.250186,86.8,98,,,,,Apple Watch Ultra,,,,,,,
A0303,2026-01-19 9:11:14,2026-01-20T01:11:14Z,Fitbod - Sore in 6 mins - Chest,WeightTraining,TRUE,FALSE,543,543,,,0,0,0,0,0,0,,,,,,,Fitbod,,,,,,,
A0304,2026-01-19 8:03:42,2026-01-20T00:03:42Z,Fitbod - Run Mobility/Strength,WeightTraining,TRUE,FALSE,3085,3085,,,0,0,0,0,0,0,91,91,,,,,Fitbod,,,,,,,
A0305,2026-01-18 13:39:47,2026-01-19T05:39:47Z,Night Walk,Walk,FALSE,FALSE,1642,1688,2095.9,1.3023314789,29,95.14436,1.276,2.85433544,2.064,4.61704416,86.5,97,,,,,Apple Watch Ultra,,,,,,,
A0306,2026-01-18 2:18:03,2026-01-18T18:18:03Z,Morning Run,Run,FALSE,FALSE,4505,4539,11586.3,7.1993908173,302.8,993.438352,2.572,5.75340968,4.88,10.9162672,132.4,145,195.7,196,881.8,,Apple Watch Ultra,,,,,,,
A0307,2026-01-17 14:06:27,2026-01-18T06:06:27Z,Outdoor Walk,Walk,FALSE,FALSE,1660,1693,2092.6,1.3002809546,27.1,88.910764,1.261,2.82078134,1.64,3.6685816,87.1,100,,,,46.2,,,,,,,,
A0308,2026-01-17 1:35:34,2026-01-17T17:35:34Z,Morning Ride,Ride,FALSE,FALSE,10932,12085,88538.7,55.0153805577,489,1604.33076,8.099,18.11697706,17.1,38.251674,142.1,158,139.9,143,1497.2,95.7,Wahoo ELEMNT BOLT,,,,,,,
A0309,2026-01-17 0:07:39,2026-01-17T16:07:39Z,Morning Swim,Swim,TRUE,FALSE,2944,2944,2446,1.519873466,0,0,0.831,1.85889714,4.58,10.2451852,131.8,148,,,,,Apple Watch Ultra,,,,,,,
A0310,2026-01-16 13:33:19,2026-01-17T05:33:19Z,Night Walk,Walk,FALSE,FALSE,1546,1588,2107.7,1.3096636567,30.2,99.081368,1.363,3.04894922,2.3,5.144962,87.9,111,,,,,Apple Watch Ultra,,,,,,,
A0311,2026-01-15 23:08:04,2026-01-16T15:08:04Z,Morning Swim,Swim,TRUE,FALSE,3115,3115,2080.3,1.2926380913,0,0,0.668,1.49427592,4.58,10.2451852,125.6,152,,,,,Apple Watch Ultra,,,,,,,
A0312,2026-01-15 13:55:18,2026-01-16T05:55:18Z,Night Walk,Walk,FALSE,FALSE,1587,1673,2094.9,1.3017101079,25.6,83.989504,1.32,2.9527608,2.107,4.71323258,89.2,102,,,,,Apple Watch Ultra,,,,,,,
A0313,2026-01-15 8:00:30,2026-01-16T00:00:30Z,Zwift - May Field in Watopia,VirtualRun,FALSE,FALSE,1213,1217,3242.9,2.0150440159,0,0,2.673,5.97934062,2.98,6.6660812,136.9,143,,,,87.8,Zwift Run,,,,,,,
A0314,2026-01-15 8:00:23,2026-01-16T00:00:23Z,Afternoon Run,Run,TRUE,FALSE,1235,1235,3533.5,2.1956144285,0,0,2.861,6.39988534,3.28,7.3371632,136.9,143,,,,,Apple Watch Ultra,,,,,,,
A0315,2026-01-15 6:56:04,2026-01-15T22:56:04Z,Zwift - Tick Tock in Watopia,VirtualRide,FALSE,FALSE,3705,3705,32409.9,20.1385719729,335,1099.0814,8.748,19.56875112,14.96,33.4646224,142.5,156,147.1,151,545,100,Zwift,,,,,,,
A0316,2026-01-14 12:30:12,2026-01-15T04:30:12Z,Evening Walk,Walk,FALSE,FALSE,1738,1803,2098.2,1.3037606322,29.8,97.769032,1.207,2.69998658,1.81,4.0488614,91.1,105,,,,,Apple Watch Ultra,,,,,,,
A0317,2026-01-14 7:46:30,2026-01-14T23:46:30Z,Zwift - May Field in Watopia,VirtualRun,FALSE,FALSE,4820,4833,12420.5,7.7177385055,0,0,2.577,5.76459438,3.6,8.052984,138.9,165,,,,80.1,Zwift Run,,,,,,,
A0318,2026-01-13 23:08:34,2026-01-14T15:08:34Z,Morning Swim,Swim,TRUE,FALSE,3182,3182,2148.8,1.3352020048,0,0,0.675,1.5099345,4.58,10.2451852,122.4,150,,,,,Apple Watch Ultra,,,,,,,
A0319,2026-01-13 8:09:42,2026-01-14T00:09:42Z,Afternoon Walk,Walk,FALSE,FALSE,1110,1202,1470.1,0.9134775071,50.2,164.698168,1.324,2.96170856,2.573,5.75564662,99.9,116,,,,,Apple Watch Ultra,,,,,,,
A0320,2026-01-13 1:48:21,2026-01-13T17:48:21Z,Zwift - Tempus Fugit in Watopia,VirtualRide,FALSE,FALSE,3328,3328,32700.8,20.3193287968,52,170.60368,9.826,21.98017244,12.48,27.9170112,131.4,154,141.9,148,472.3,97.8,Zwift,,,,,,,
A0321,2026-01-12 14:29:40,2026-01-13T06:29:40Z,Fitbod - Sore in 6 mins - Chest,WeightTraining,TRUE,FALSE,483,483,,,0,0,0,0,0,0,,,,,,,Fitbod,,,,,,,
A0322,2026-01-12 13:32:45,2026-01-13T05:32:45Z,Night Walk,Walk,FALSE,FALSE,1646,1711,2084.2,1.2950614382,32.4,106.299216,1.266,2.83196604,1.98,4.4291412,83.6,98,,,,,Apple Watch Ultra,,,,,,,
A0323,2026-01-12 8:01:39,2026-01-13T00:01:39Z,Fitbod - Run Mobility/Strength,WeightTraining,TRUE,FALSE,3559,3559,,,0,0,0,0,0,0,,,,,,,Fitbod,,,,,,,
A0324,2026-01-11 13:39:40,2026-01-12T05:39:40Z,Night Walk,Walk,FALSE,FALSE,1648,1680,2117.6,1.3158152296,25.8,84.645672,1.285,2.8744679,2.087,4.66849378,86.9,97,,,,,Apple Watch Ultra,,,,,,,
A0325,2026-01-11 3:23:01,2026-01-11T19:23:01Z,Zwift - May Field in Watopia,VirtualRun,FALSE,FALSE,2698,2728,7270.5,4.5176778555,0,0,2.695,6.0285533,2.88,6.4423872,133.3,143,,,,89.3,Zwift Run,,,,,,,
A0326,2026-01-11 0:34:39,2026-01-11T16:34:39Z,Zwift - Sugar Cookie in Watopia,VirtualRide,FALSE,FALSE,9790,9790,88637.7,55.0768962867,402,1318.89768,9.054,20.25325476,14.6,32.659324,132.8,146,138.7,141,1358.1,99,Zwift,,,,,,,
A0327,2026-01-11 0:30:08,2026-01-11T16:30:08Z,Morning Ride,Ride,TRUE,FALSE,10117,10117,,,0,0,0,0,0,0,132,146,,,,,Apple Watch Ultra,,,,,,,
A0328,2026-01-11 0:28:35,2026-01-11T16:28:35Z,Zwift - Gotham Grind in New York,VirtualRide,FALSE,FALSE,225,225,2010.7,1.2493906697,24,78.74016,8.936,19.98929584,13.44,30.0644736,114.2,120,147.3,139,33.1,96.6,Zwift,,,,,,,
A0329,2026-01-10 13:25:05,2026-01-11T05:25:05Z,Night Walk,Walk,FALSE,FALSE,1634,1690,2108.7,1.3102850277,29.8,97.769032,1.29,2.8856526,2.033,4.54769902,88.8,101,,,,,Apple Watch Ultra,,,,,,,
A0330,2026-01-10 5:07:41,2026-01-10T21:07:41Z,Zwift - May Field in Watopia,VirtualRun,FALSE,FALSE,1231,1235,3243.3,2.0152925643,0,0,2.635,5.8943369,2.84,6.3529096,132.5,138,,,,87.7,Zwift Run,,,,,,,
A0331,2026-01-10 5:07:33,2026-01-10T21:07:33Z,Afternoon Run,Run,TRUE,FALSE,1236,1236,3580.7,2.2249431397,0,0,2.897,6.48041518,3.42,7.6503348,137.9,147,,,,,Apple Watch Ultra,,,,,,,
A0332,2026-01-10 3:01:20,2026-01-10T19:01:20Z,Zwift - Group Ride: Long - Stage 1 - Tour de Zwift on Shisa Shakedown in Makuri Islands,VirtualRide,FALSE,FALSE,7232,7232,57896.9,35.9754546499,570,1870.0788,8.006,17.90894164,16.9,37.804286,135.9,145,144.3,146,1043.5,98.9,Zwift,,,,,,,
A0333,2026-01-10 1:11:44,2026-01-10T17:11:44Z,Morning Swim,Swim,TRUE,FALSE,4151,4151,3017.5,1.8749869925,0,0,0.727,1.62625538,4.58,10.2451852,125.3,153,,,,,Apple Watch Ultra,,,,,,,
A0334,2026-01-09 14:43:58,2026-01-10T06:43:58Z,Outdoor Walking,Walk,FALSE,FALSE,1637,1662,2089.3,1.2982304303,27.1,88.910764,1.276,2.85433544,1.7,3.802798,87.9,105,,,,53.5,,,,,,,,
A0335,2026-01-09 13:03:28,2026-01-10T05:03:28Z,Fitbod - Run Mobility/Strength,WeightTraining,TRUE,FALSE,4373,4373,,,0,0,0,0,0,0,,,,,,,Fitbod,,,,,,,
A0336,2026-01-08 23:07:59,2026-01-09T15:07:59Z,Pool Swim,Swim,TRUE,FALSE,2077,3117,2148.8,1.3352020048,0,0,1.035,2.3152329,1.76,3.9370144,124.9,150,,,,,,,,,,,,
A0337,2026-01-08 13:40:55,2026-01-09T05:40:55Z,Night Walk,Walk,FALSE,FALSE,1536,1600,2045,1.270703695,28,91.86352,1.331,2.97736714,2.16,4.8317904,87,105,,,,,Apple Watch Ultra,,,,,,,
A0338,2026-01-08 11:18:52,2026-01-09T03:18:52Z,Fitbod - Glute Mobility protocol,WeightTraining,TRUE,FALSE,1666,1666,,,0,0,0,0,0,0,,,,,,,Fitbod,,,,,,,
A0339,2026-01-08 10:25:17,2026-01-09T02:25:17Z,Fitbod - Pull Up Training,WeightTraining,TRUE,FALSE,984,984,,,0,0,0,0,0,0,,,,,,,Fitbod,,,,,,,
A0340,2026-01-08 7:09:26,2026-01-08T23:09:26Z,Afternoon Walk,Walk,FALSE,FALSE,779,867,1176,0.730732296,0,0,1.51,3.3777794,2.327,5.20535938,101.9,113,,,,,Apple Watch Ultra,,,,,,,
A0341,2026-01-08 6:52:44,2026-01-08T22:52:44Z,Afternoon Walk,Walk,FALSE,FALSE,700,832,1066.9,0.6629407199,42,137.79528,1.524,3.40909656,2.507,5.60800858,111.1,123,,,,,Apple Watch Ultra,,,,,,,
A0342,2026-01-08 3:37:00,2026-01-08T19:37:00Z,Zwift - May Field in Watopia,VirtualRun,FALSE,FALSE,1014,1018,2704.3,1.6803735953,0,0,2.667,5.96591898,2.82,6.3081708,129.7,137,,,,88.4,Zwift Run,,,,,,,
A0343,2026-01-08 2:32:51,2026-01-08T18:32:51Z,Zwift - Volcano Climb in Watopia,VirtualRide,FALSE,FALSE,3383,3383,28026,17.414543646,330,1082.6772,8.284,18.53081096,15.58,34.8515252,137,156,152.8,156,516.8,99.4,Zwift,,,,,,,
,2026-01-07 13:24:04,2026-01-08T05:24:04Z,Night Walk,Walk,FALSE,FALSE,1602,1656,2101,1.305500471,28.4,93.175856,1.311,2.93262834,2.133,4.77139302,91.2,101,,,,,Apple Watch Ultra,,,,,,,
,2026-01-07 7:19:26,2026-01-07T23:19:26Z,Afternoon Run,Run,FALSE,FALSE,5821,5862,15093,9.378352503,393.2,1290.026288,2.593,5.80038542,4.46,9.9767524,134.5,147,201.2,202,1171,,Apple Watch Ultra,,,,,,,
,2026-01-06 23:08:58,2026-01-07T15:08:58Z,Morning Swim,Swim,TRUE,FALSE,3041,3041,2194.6,1.3636607966,0,0,0.722,1.61507068,4.58,10.2451852,121.4,151,,,,,Apple Watch Ultra,,,,,,,
,2026-01-06 13:23:54,2026-01-07T05:23:54Z,Night Walk,Walk,FALSE,FALSE,1720,1784,2201,1.367637571,23.2,76.115488,1.28,2.8632832,2.127,4.75797138,87.1,100,,,,,Apple Watch Ultra,,,,,,,
,2026-01-06 11:51:02,2026-01-07T03:51:02Z,Fitbod - Kettlebell Conditioning,WeightTraining,TRUE,FALSE,2713,2713,,,0,0,0,0,0,0,,,,,,,Fitbod,,,,,,,
,2026-01-06 10:25:43,2026-01-07T02:25:43Z,Fitbod - Sore in 6 mins - Chest,WeightTraining,TRUE,FALSE,492,492,,,0,0,0,0,0,0,,,,,,,Fitbod,,,,,,,
,2026-01-06 1:02:22,2026-01-06T17:02:22Z,Zwift - Maria Pacer: Sugar Cookie in Watopia,VirtualRide,FALSE,FALSE,3131,3131,31413.6,19.5195000456,158,518.37272,10.033,22.44321902,16.22,36.2831668,126.5,143,144.2,150,451.6,99,Zwift,,,,,,,
,2026-01-05 12:27:26,2026-01-06T04:27:26Z,Evening Walk,Walk,FALSE,FALSE,1747,1945,2102.9,1.3066810759,30.8,101.049872,1.204,2.69327576,2.147,4.80271018,90.6,99,,,,,Apple Watch Ultra,,,,,,,
,2026-01-04 10:08:53,2026-01-05T02:08:53Z,Evening Walk,Walk,FALSE,FALSE,1736,2075,2211.2,1.3739755552,30.8,101.049872,1.274,2.84986156,2.047,4.57901618,91,103,,,,,Apple Watch Ultra,,,,,,,
,2026-01-04 2:33:45,2026-01-04T18:33:45Z,Zwift - The Big Ring in Watopia,VirtualRide,FALSE,FALSE,3878,3878,32510.9,20.2013304439,136,446.19424,8.383,18.75226802,22.32,49.9285008,108.9,127,97.4,102,377.9,98.7,Zwift,,,,,,,
,2026-01-03 8:59:53,2026-01-04T00:59:53Z,Afternoon Walk,Walk,FALSE,FALSE,1419,1502,1771.9,1.1010072749,31.2,102.362208,1.249,2.79393806,1.92,4.2949248,92.9,101,,,,,Apple Watch Ultra,,,,,,,
,2026-01-03 3:07:00,2026-01-03T19:07:00Z,Zwift - May Field in Watopia,VirtualRun,FALSE,FALSE,3606,3626,9190.6,5.7107723126,0,0,2.549,5.70196006,2.96,6.6213424,132.9,152,,,,85.8,Zwift Run,,,,,,,
,2026-01-03 1:10:22,2026-01-03T17:10:22Z,Morning Swim,Swim,TRUE,FALSE,4138,4138,2971.8,1.8465903378,0,0,0.718,1.60612292,4.58,10.2451852,124.5,151,,,,,Apple Watch Ultra,,,,,,,
,2026-01-02 1:02:45,2026-01-02T17:02:45Z,Zwift - Volcano Circuit in Watopia,VirtualRide,FALSE,FALSE,9746,9746,88657.5,55.0891994325,437,1433.72708,9.097,20.34944318,14.82,33.1514508,124.3,143,120.7,125,1176.4,97.7,Zwift,,,,,,,
,2026-01-01 23:07:40,2026-01-02T15:07:40Z,Morning Swim,Swim,TRUE,FALSE,3142,3142,2080.3,1.2926380913,0,0,0.662,1.48085428,4.58,10.2451852,121.7,153,,,,,Apple Watch Ultra,,,,,,,
,2026-01-01 2:23:50,2026-01-01T18:23:50Z,Morning Run,Run,TRUE,FALSE,1202,1202,2953.6,1.8352813856,0,0,2.457,5.49616158,3.26,7.2924244,120.5,161,,,,,Apple Watch Ultra,,,,,,,
,2026-01-01 1:04:23,2026-01-01T17:04:23Z,Morning Ride,Ride,TRUE,FALSE,4630,4630,,,0,0,0,0,0,0,121.3,143,,,,,Apple Watch Ultra,,,,,,,
,2025-12-31 0:35:25,2025-12-31T16:35:25Z,Morning Run,Run,TRUE,FALSE,4481,4481,11008.4,6.8403005164,0,0,2.457,5.49616158,3.64,8.1424616,143.9,169,,,,,Apple Watch Ultra,,,,,,,
,2025-12-30 23:08:27,2025-12-31T15:08:27Z,Morning Swim,Swim,TRUE,FALSE,3091,3091,2331.7,1.4488507607,0,0,0.754,1.68665276,4.58,10.2451852,127.5,147,,,,,Apple Watch Ultra,,,,,,,
,2025-12-30 13:42:50,2025-12-31T05:42:50Z,Fitbod - Kettlebell Conditioning,WeightTraining,TRUE,FALSE,2748,2748,,,0,0,0,0,0,0,,,,,,,Fitbod,,,,,,,
,2025-12-30 7:30:33,2025-12-30T23:30:33Z,Afternoon Walk,Walk,FALSE,FALSE,1834,2078,2077,1.290587567,11.4,37.401576,1.133,2.53445302,10.62,23.7563028,84.7,99,,,,,Apple Watch Ultra,,,,,,,
,2025-12-30 0:50:09,2025-12-30T16:50:09Z,Morning Ride,Ride,TRUE,FALSE,4204,4204,,,0,0,0,0,0,0,121.9,138,,,,,Apple Watch Ultra,,,,,,,
,2025-12-29 14:27:29,2025-12-30T06:27:29Z,Fitbod - Run Mobility/Strength,WeightTraining,TRUE,FALSE,4208,4208,,,0,0,0,0,0,0,,,,,,,Fitbod,,,,,,,
,2025-12-28 4:39:48,2025-12-28T20:39:48Z,Lunch Run,Run,FALSE,FALSE,1811,1816,5581.5,3.4681822365,34.8,114.173232,3.082,6.89424908,4.333,9.69266102,147.6,160,223.2,223,404.2,,Apple Watch Ultra,,,,,,,
,2025-12-28 0:42:58,2025-12-28T16:42:58Z,Morning Ride,Ride,FALSE,FALSE,12553,13355,85171.9,52.9233486749,436,1430.44624,6.785,15.1776379,14.96,33.4646224,125.5,152,119.8,134,1456.4,88.9,Wahoo ELEMNT BOLT,,,,,,,
,2025-12-27 14:02:25,2025-12-28T06:02:25Z,Night Walk,Walk,FALSE,FALSE,1516,1578,2005.6,1.2462216776,34.4,112.860896,1.323,2.95947162,2.152,4.81389488,88.9,104,,,,,Apple Watch Ultra,,,,,,,
,2025-12-27 3:23:08,2025-12-27T19:23:08Z,Zwift - May Field in Watopia,VirtualRun,FALSE,FALSE,1218,1222,3284.7,2.0410173237,0,0,2.697,6.03302718,2.9,6.487126,135.8,143,,,,86.1,Zwift Run,,,,,,,
,2025-12-27 1:49:06,2025-12-27T17:49:06Z,Zwift - Triple Flat Loops in Watopia,VirtualRide,FALSE,FALSE,5466,5466,48487,30.128415677,240,787.4016,8.871,19.84389474,16.08,35.9699952,126.7,139,119.2,122,651.7,97.8,Zwift,,,,,,,
,2025-12-27 0:13:16,2025-12-27T16:13:16Z,Morning Swim,Swim,TRUE,FALSE,3001,3001,2286,1.420454106,0,0,0.762,1.70454828,4.58,10.2451852,129.2,149,,,,,Apple Watch Ultra,,,,,,,
,2025-12-26 14:08:55,2025-12-27T06:08:55Z,Night Walk,Walk,FALSE,FALSE,1595,1672,2092.2,1.3000324062,28.2,92.519688,1.312,2.93486528,2.067,4.62375498,93.4,106,,,,,Apple Watch Ultra,,,,,,,
,2025-12-26 3:08:28,2025-12-26T19:08:28Z,Lunch Swim,Swim,TRUE,FALSE,3096,3096,2286,1.420454106,0,0,0.738,1.65086172,4.58,10.2451852,127.6,153,,,,,Apple Watch Ultra,,,,,,,
,2025-12-25 13:27:16,2025-12-26T05:27:16Z,Night Walk,Walk,FALSE,FALSE,1721,1804,2125.6,1.3207861976,34.2,112.204728,1.235,2.7626209,2.12,4.7423128,86,106,,,,,Apple Watch Ultra,,,,,,,
,2025-12-25 10:04:20,2025-12-26T02:04:20Z,Fitbod - Run Mobility/Strength,WeightTraining,TRUE,FALSE,4590,4590,,,0,0,0,0,0,0,,,,,,,Fitbod,,,,,,,
