activity_id,start_date_local,activity_name,sport_type,split_index,split_start_sec,split_end_sec,distance_mi,moving_time_sec,elapsed_time_sec,pace_min_per_mi,avg_hr,max_hr,avg_cadence_raw,avg_cadence_run,elevation_gain_ft,elevation_loss_ft,is_partial_split
A0001,2026-05-14 04:05:28,Zwift - May Field in Watopia,VirtualRun,1,0,521.9,1.000,521.9,521.9,8.7,145.1,155.0,90.2,180.4,3.3,0.0,FALSE
A0001,2026-05-14 04:05:28,Zwift - May Field in Watopia,VirtualRun,2,521.9,1002,0.941,477.1,480.1,8.5,157.9,162.0,91.1,182.2,0.0,0.0,TRUE
A0004,2026-05-13 09:40:31,Afternoon Run,Run,1,0,572.4,1.000,572.4,572.4,9.5,130.7,144.0,,,131.9,178.1,FALSE
A0004,2026-05-13 09:40:31,Afternoon Run,Run,2,572.4,1099.4,1.000,527,527,8.8,145.4,162.0,,,131.2,169.3,FALSE
A0004,2026-05-13 09:40:31,Afternoon Run,Run,3,1099.4,1659.7,1.000,560.3,560.3,9.3,148.4,164.0,,,132.5,170.8,FALSE
A0004,2026-05-13 09:40:31,Afternoon Run,Run,4,1659.7,2219.3,1.000,559.5,559.5,9.3,151.7,168.0,,,138.0,140.6,FALSE
A0004,2026-05-13 09:40:31,Afternoon Run,Run,5,2219.3,2801.7,1.000,582.5,582.5,9.7,153.9,169.0,,,165.2,131.9,FALSE
A0004,2026-05-13 09:40:31,Afternoon Run,Run,6,2801.7,3382.6,1.000,580.9,580.9,9.7,154.7,169.0,,,167.7,132.5,FALSE
A0004,2026-05-13 09:40:31,Afternoon Run,Run,7,3382.6,3504,0.179,119.4,121.4,11.1,157.9,160.0,,,55.4,6.6,TRUE
A0017,2026-05-08 02:37:54,Zwift - May Field in Watopia,VirtualRun,1,0,627.7,1.000,627.7,627.7,10.5,123.7,137.0,87.2,174.4,3.3,0.0,FALSE
A0017,2026-05-08 02:37:54,Zwift - May Field in Watopia,VirtualRun,2,627.7,1214,1.000,586.3,586.3,9.8,138.4,143.0,88.0,176.0,0.0,0.0,FALSE
A0017,2026-05-08 02:37:54,Zwift - May Field in Watopia,VirtualRun,3,1214,1798,0.924,581,584,10.5,138.5,147.0,87.4,174.8,0.0,0.0,TRUE
A0021,2026-05-07 03:30:08,Zwift - May Field in Watopia,VirtualRun,1,0,568.7,1.000,568.7,568.7,9.5,138.1,153.0,87.4,174.8,3.3,0.0,FALSE
A0021,2026-05-07 03:30:08,Zwift - May Field in Watopia,VirtualRun,2,568.7,1148.4,1.000,579.7,579.7,9.7,151.1,160.0,85.8,171.6,0.0,0.0,FALSE
A0021,2026-05-07 03:30:08,Zwift - May Field in Watopia,VirtualRun,3,1148.4,1161,0.008,9.6,12.6,20.1,132.8,134.0,60.2,120.4,0.0,0.0,TRUE
A0024,2026-05-06 09:54:51,Afternoon Run,Run,1,0,549.2,1.000,536.2,549.2,8.9,125.0,141.0,,,97.2,192.3,FALSE
A0024,2026-05-06 09:54:51,Afternoon Run,Run,2,549.2,1229.1,1.000,677.9,679.9,11.3,144.9,149.0,,,356.8,0.0,FALSE
A0024,2026-05-06 09:54:51,Afternoon Run,Run,3,1229.1,1849.8,1.000,620.7,620.7,10.4,146.9,153.0,,,210.0,26.2,FALSE
A0024,2026-05-06 09:54:51,Afternoon Run,Run,4,1849.8,2372.9,1.000,522.1,523.1,8.7,146.5,154.0,,,70.2,200.1,FALSE
A0024,2026-05-06 09:54:51,Afternoon Run,Run,5,2372.9,2839.6,1.000,466.7,466.7,7.8,149.1,154.0,,,28.9,264.8,FALSE
A0024,2026-05-06 09:54:51,Afternoon Run,Run,6,2839.6,3347.5,1.000,472.9,507.9,7.9,152.4,158.0,,,51.8,273.2,FALSE
A0024,2026-05-06 09:54:51,Afternoon Run,Run,7,3347.5,3670,0.513,321.5,322.5,10.4,156.5,161.0,,,147.6,4.6,TRUE
A0034,2026-05-01 10:04:32,Zwift - May Field in Watopia,VirtualRun,1,0,632.9,1.000,632.9,632.9,10.6,119.8,132.0,85.7,171.4,3.3,0.0,FALSE
A0034,2026-05-01 10:04:32,Zwift - May Field in Watopia,VirtualRun,2,632.9,1245.3,1.000,612.4,612.4,10.2,131.0,142.0,86.7,173.4,0.0,0.0,FALSE
A0034,2026-05-01 10:04:32,Zwift - May Field in Watopia,VirtualRun,3,1245.3,1847.5,1.000,602.3,602.3,10.0,137.9,148.0,87.3,174.6,0.0,0.0,FALSE
A0034,2026-05-01 10:04:32,Zwift - May Field in Watopia,VirtualRun,4,1847.5,2496.2,1.000,648.6,648.6,10.8,136.3,150.0,86.5,173.0,0.0,0.0,FALSE
A0034,2026-05-01 10:04:32,Zwift - May Field in Watopia,VirtualRun,5,2496.2,2507,0.009,7.8,10.8,14.9,128.7,129.0,85.0,170.0,0.0,0.0,TRUE
A0042,2026-04-30 02:49:13,Zwift - May Field in Watopia,VirtualRun,1,0,562.8,1.000,562.8,562.8,9.4,136.4,144.0,89.6,179.2,3.3,0.0,FALSE
A0042,2026-04-30 02:49:13,Zwift - May Field in Watopia,VirtualRun,2,562.8,1098,0.980,532.2,535.2,9.1,148.1,151.0,91.0,182.0,0.0,0.0,TRUE
A0046,2026-04-29 08:50:55,Zwift - May Field in Watopia,VirtualRun,1,0,573.7,1.000,566.7,573.7,9.5,124.0,131.0,89.8,179.6,3.3,0.0,FALSE
A0046,2026-04-29 08:50:55,Zwift - May Field in Watopia,VirtualRun,2,573.7,1116.6,1.000,542.9,542.9,9.1,134.7,139.0,90.8,181.6,0.0,0.0,FALSE
A0046,2026-04-29 08:50:55,Zwift - May Field in Watopia,VirtualRun,3,1116.6,1656.8,1.000,540.2,540.2,9.0,140.9,144.0,90.2,180.4,0.0,0.0,FALSE
A0046,2026-04-29 08:50:55,Zwift - May Field in Watopia,VirtualRun,4,1656.8,2196.4,1.000,539.6,539.6,9.0,144.4,148.0,90.1,180.2,0.0,0.0,FALSE
A0046,2026-04-29 08:50:55,Zwift - May Field in Watopia,VirtualRun,5,2196.4,2738.2,1.000,541.8,541.8,9.0,147.4,149.0,89.7,179.4,0.0,0.0,FALSE
A0046,2026-04-29 08:50:55,Zwift - May Field in Watopia,VirtualRun,6,2738.2,3270.9,1.000,532.7,532.7,8.9,150.7,152.0,90.0,180.0,0.0,0.0,FALSE
A0046,2026-04-29 08:50:55,Zwift - May Field in Watopia,VirtualRun,7,3270.9,3304,0.053,30.1,33.1,9.4,150.6,152.0,88.7,177.4,0.0,0.0,TRUE
A0060,2026-04-24 10:48:25,Afternoon Run,Run,1,0,585.4,1.000,584.4,585.4,9.7,107.7,155.0,,,100.7,200.1,FALSE
A0060,2026-04-24 10:48:25,Afternoon Run,Run,2,585.4,1303.3,1.000,715.9,717.9,11.9,139.2,143.0,,,356.0,0.0,FALSE
A0060,2026-04-24 10:48:25,Afternoon Run,Run,3,1303.3,1950.9,1.000,646.6,647.6,10.8,140.8,148.0,,,206.6,25.6,FALSE
A0060,2026-04-24 10:48:25,Afternoon Run,Run,4,1950.9,2560.6,1.000,609.7,609.7,10.2,144.7,150.0,,,178.5,55.1,FALSE
A0060,2026-04-24 10:48:25,Afternoon Run,Run,5,2560.6,3063,1.000,500.3,502.3,8.3,144.2,150.0,,,32.8,202.1,FALSE
A0060,2026-04-24 10:48:25,Afternoon Run,Run,6,3063,3594.6,1.000,531.6,531.6,8.9,143.6,150.0,,,76.8,156.5,FALSE
A0060,2026-04-24 10:48:25,Afternoon Run,Run,7,3594.6,4037.7,1.000,443.2,443.2,7.4,143.4,148.0,,,0.0,359.7,FALSE
A0060,2026-04-24 10:48:25,Afternoon Run,Run,8,4037.7,4602.8,1.000,544.1,565.1,9.1,149.2,153.0,,,141.6,151.1,FALSE
A0060,2026-04-24 10:48:25,Afternoon Run,Run,9,4602.8,4720,0.186,114.2,117.2,10.2,155.0,157.0,,,59.2,6.6,TRUE
A0064,2026-04-23 03:17:03,Zwift - May Field in Watopia,VirtualRun,1,0,575.7,1.000,561.7,575.7,9.4,136.6,146.0,89.0,178.0,3.3,0.0,FALSE
A0064,2026-04-23 03:17:03,Zwift - May Field in Watopia,VirtualRun,2,575.7,1106,0.964,528.3,530.3,9.1,147.4,150.0,90.9,181.8,0.0,0.0,TRUE
A0067,2026-04-22 10:14:32,Zwift - May Field in Watopia,VirtualRun,1,0,616.1,1.000,615.1,616.1,10.3,121.9,138.0,85.6,171.2,3.3,0.0,FALSE
A0067,2026-04-22 10:14:32,Zwift - May Field in Watopia,VirtualRun,2,616.1,1180.4,1.000,564.2,564.2,9.4,141.4,149.0,87.8,175.6,0.0,0.0,FALSE
A0067,2026-04-22 10:14:32,Zwift - May Field in Watopia,VirtualRun,3,1180.4,1767.1,1.000,581.8,586.8,9.7,142.4,145.0,87.9,175.8,0.0,0.0,FALSE
A0067,2026-04-22 10:14:32,Zwift - May Field in Watopia,VirtualRun,4,1767.1,2325.6,1.000,558.5,558.5,9.3,147.7,152.0,88.8,177.6,0.0,0.0,FALSE
A0067,2026-04-22 10:14:32,Zwift - May Field in Watopia,VirtualRun,5,2325.6,2878.4,1.000,552.7,552.7,9.2,152.0,155.0,88.8,177.6,0.0,0.0,FALSE
A0067,2026-04-22 10:14:32,Zwift - May Field in Watopia,VirtualRun,6,2878.4,3423.9,1.000,545.5,545.5,9.1,155.3,158.0,89.4,178.8,0.0,0.0,FALSE
A0067,2026-04-22 10:14:32,Zwift - May Field in Watopia,VirtualRun,7,3423.9,3816,0.518,388.1,392.1,12.5,144.2,157.0,74.2,148.4,0.0,0.0,TRUE
A0077,2026-04-19 00:59:53,Road Race,Run,1,0,475.7,1.000,475.7,475.7,7.9,142.5,152.0,,,34.1,44.6,FALSE
A0077,2026-04-19 00:59:53,Road Race,Run,2,475.7,946.1,1.000,470.4,470.4,7.8,156.2,159.0,,,25.6,2.6,FALSE
A0077,2026-04-19 00:59:53,Road Race,Run,3,946.1,1406.3,1.000,460.2,460.2,7.7,159.5,164.0,,,28.2,44.6,FALSE
A0077,2026-04-19 00:59:53,Road Race,Run,4,1406.3,1859.5,1.000,453.2,453.2,7.6,163.5,167.0,,,21.0,33.5,FALSE
A0077,2026-04-19 00:59:53,Road Race,Run,5,1859.5,2322.6,1.000,463.1,463.1,7.7,166.5,169.0,,,17.1,12.5,FALSE
A0077,2026-04-19 00:59:53,Road Race,Run,6,2322.6,2800.7,1.000,478.1,478.1,8.0,166.2,168.0,,,20.3,12.5,FALSE
A0077,2026-04-19 00:59:53,Road Race,Run,7,2800.7,2951,0.329,150.3,150.3,7.6,170.3,172.0,,,11.8,22.3,TRUE
A0081,2026-04-17 11:11:01,Zwift - May Field in Watopia,VirtualRun,1,0,613.7,1.000,613.7,613.7,10.2,123.8,135.0,86.5,173.0,3.3,0.0,FALSE
A0081,2026-04-17 11:11:01,Zwift - May Field in Watopia,VirtualRun,2,613.7,1184.8,1.000,571.2,571.2,9.5,137.3,142.0,87.0,174.0,0.0,0.0,FALSE
A0081,2026-04-17 11:11:01,Zwift - May Field in Watopia,VirtualRun,3,1184.8,1499,0.514,311.2,314.2,10.1,135.4,138.0,87.1,174.2,0.0,0.0,TRUE
A0086,2026-04-16 04:11:42,Zwift - May Field in Watopia,VirtualRun,1,0,580,1.000,578,580,9.6,131.9,139.0,87.9,175.8,3.3,0.0,FALSE
A0086,2026-04-16 04:11:42,Zwift - May Field in Watopia,VirtualRun,2,580,1132.2,1.000,552.2,552.2,9.2,142.8,147.0,89.0,178.0,0.0,0.0,FALSE
A0086,2026-04-16 04:11:42,Zwift - May Field in Watopia,VirtualRun,3,1132.2,1140,0.007,4.8,7.8,11.8,145.4,146.0,90.0,180.0,0.0,0.0,TRUE
A0089,2026-04-15 02:10:34,Zwift - May Field in Watopia,VirtualRun,1,0,584.7,1.000,584.7,584.7,9.8,123.1,130.0,88.3,176.6,3.3,0.0,FALSE
A0089,2026-04-15 02:10:34,Zwift - May Field in Watopia,VirtualRun,2,584.7,1146.3,1.000,559.6,561.6,9.3,132.1,137.0,89.6,179.2,0.0,0.0,FALSE
A0089,2026-04-15 02:10:34,Zwift - May Field in Watopia,VirtualRun,3,1146.3,1693.3,1.000,546.9,546.9,9.1,138.5,142.0,90.0,180.0,0.0,0.0,FALSE
A0089,2026-04-15 02:10:34,Zwift - May Field in Watopia,VirtualRun,4,1693.3,2236.7,1.000,543.4,543.4,9.1,143.1,147.0,89.9,179.8,0.0,0.0,FALSE
A0089,2026-04-15 02:10:34,Zwift - May Field in Watopia,VirtualRun,5,2236.7,2777.2,1.000,540.6,540.6,9.0,146.5,150.0,90.0,180.0,0.0,0.0,FALSE
A0089,2026-04-15 02:10:34,Zwift - May Field in Watopia,VirtualRun,6,2777.2,3359.6,1.000,574.4,582.4,9.6,147.0,152.0,85.9,171.8,0.0,0.0,FALSE
A0089,2026-04-15 02:10:34,Zwift - May Field in Watopia,VirtualRun,7,3359.6,3372,0.008,8.4,12.4,18.5,123.5,124.0,61.0,122.0,0.0,0.0,TRUE
A0102,2026-04-10 11:22:16,Zwift - May Field in Watopia,VirtualRun,1,0,659.6,0.999,658.6,659.6,11.0,120.3,136.0,82.3,164.6,3.3,0.0,FALSE
A0102,2026-04-10 11:22:16,Zwift - May Field in Watopia,VirtualRun,2,659.6,1237.8,1.000,578.3,578.3,9.6,136.7,144.0,87.4,174.8,0.0,0.0,FALSE
A0102,2026-04-10 11:22:16,Zwift - May Field in Watopia,VirtualRun,3,1237.8,1833.7,1.000,595.9,595.9,9.9,140.8,145.0,86.6,173.2,0.0,0.0,FALSE
A0102,2026-04-10 11:22:16,Zwift - May Field in Watopia,VirtualRun,4,1833.7,2500,0.882,655.3,666.3,12.4,127.9,140.0,75.8,151.6,0.0,0.0,TRUE
A0106,2026-04-09 03:57:46,Zwift - May Field in Watopia,VirtualRun,1,0,564.8,0.998,564.8,564.8,9.4,139.2,147.0,88.1,176.2,3.3,0.0,FALSE
A0106,2026-04-09 03:57:46,Zwift - May Field in Watopia,VirtualRun,2,564.8,1117.7,1.000,547.9,552.9,9.1,146.8,150.0,89.4,178.8,0.0,0.0,FALSE
A0106,2026-04-09 03:57:46,Zwift - May Field in Watopia,VirtualRun,3,1117.7,1132,0.016,10.3,14.3,10.5,146.6,147.0,88.1,176.2,0.0,0.0,TRUE
A0108,2026-04-08 10:23:49,Zwift - May Field in Watopia,VirtualRun,1,0,572.9,1.000,572.9,572.9,9.6,130.1,141.0,87.9,175.8,3.3,0.0,FALSE
A0108,2026-04-08 10:23:49,Zwift - May Field in Watopia,VirtualRun,2,572.9,1122.3,1.000,549.4,549.4,9.2,141.0,144.0,89.0,178.0,0.0,0.0,FALSE
A0108,2026-04-08 10:23:49,Zwift - May Field in Watopia,VirtualRun,3,1122.3,1671.3,1.000,549,549,9.2,145.2,151.0,87.7,175.4,0.0,0.0,FALSE
A0108,2026-04-08 10:23:49,Zwift - May Field in Watopia,VirtualRun,4,1671.3,2219.5,1.000,548.2,548.2,9.1,150.0,155.0,87.4,174.8,0.0,0.0,FALSE
A0108,2026-04-08 10:23:49,Zwift - May Field in Watopia,VirtualRun,5,2219.5,2803.9,1.000,584.4,584.4,9.7,151.9,156.0,84.1,168.2,0.0,0.0,FALSE
A0108,2026-04-08 10:23:49,Zwift - May Field in Watopia,VirtualRun,6,2803.9,2984,0.162,176.1,180.1,18.1,122.7,128.0,59.0,118.0,0.0,0.0,TRUE
A0123,2026-04-02 03:18:30,Zwift - May Field in Watopia,VirtualRun,1,0,558.8,1.000,558.8,558.8,9.3,136.7,144.0,89.1,178.2,3.3,0.0,FALSE
A0123,2026-04-02 03:18:30,Zwift - May Field in Watopia,VirtualRun,2,558.8,855,0.515,290.2,296.2,9.4,143.7,148.0,88.7,177.4,0.0,0.0,TRUE
A0125,2026-04-01 10:20:12,Zwift - May Field in Watopia,VirtualRun,1,0,594.2,1.000,593.2,594.2,9.9,127.2,140.0,87.4,174.8,3.3,0.0,FALSE
A0125,2026-04-01 10:20:12,Zwift - May Field in Watopia,VirtualRun,2,594.2,1162.4,1.000,557.2,568.2,9.3,137.1,142.0,88.3,176.6,0.0,0.0,FALSE
A0125,2026-04-01 10:20:12,Zwift - May Field in Watopia,VirtualRun,3,1162.4,1714.2,1.000,551.8,551.8,9.2,143.0,147.0,87.6,175.2,0.0,0.0,FALSE
A0125,2026-04-01 10:20:12,Zwift - May Field in Watopia,VirtualRun,4,1714.2,2265.1,1.000,550.9,550.9,9.2,147.3,151.0,87.0,174.0,0.0,0.0,FALSE
A0125,2026-04-01 10:20:12,Zwift - May Field in Watopia,VirtualRun,5,2265.1,2882.8,1.000,615.7,617.7,10.3,147.1,154.0,81.4,162.8,0.0,0.0,FALSE
A0125,2026-04-01 10:20:12,Zwift - May Field in Watopia,VirtualRun,6,2882.8,3002,0.105,116.2,119.2,18.4,119.9,124.0,58.6,117.2,0.0,0.0,TRUE
A0128,2026-03-31 04:18:53,Lunch Run,Run,1,0,560.8,1.000,557.8,560.8,9.3,126.8,141.0,,,24.3,46.4,FALSE
A0128,2026-03-31 04:18:53,Lunch Run,Run,2,560.8,1055.3,1.000,494.5,494.5,8.2,148.2,154.0,,,34.1,36.2,FALSE
A0128,2026-03-31 04:18:53,Lunch Run,Run,3,1055.3,1547.5,1.000,492.2,492.2,8.2,154.0,161.0,,,32.8,33.1,FALSE
A0128,2026-03-31 04:18:53,Lunch Run,Run,4,1547.5,2039.3,1.000,491.8,491.8,8.2,156.8,165.0,,,25.8,39.0,FALSE
A0128,2026-03-31 04:18:53,Lunch Run,Run,5,2039.3,2387,0.623,341.7,347.7,9.1,154.9,168.0,,,38.5,23.6,TRUE
A0135,2026-03-26 03:16:46,Zwift - May Field in Watopia,VirtualRun,1,0,604.1,1.000,601.1,604.1,10.0,126.5,137.0,85.5,171.0,3.3,0.0,FALSE
A0135,2026-03-26 03:16:46,Zwift - May Field in Watopia,VirtualRun,2,604.1,1197,1.000,592.9,592.9,9.9,135.7,141.0,88.5,177.0,0.0,0.0,FALSE
A0135,2026-03-26 03:16:46,Zwift - May Field in Watopia,VirtualRun,3,1197,1209,0.010,9,12,14.3,125.9,127.0,86.0,172.0,0.0,0.0,TRUE
A0138,2026-03-25 10:20:47,Zwift - May Field in Watopia,VirtualRun,1,0,592.7,1.000,591.7,592.7,9.9,126.3,136.0,86.3,172.6,3.3,0.0,FALSE
A0138,2026-03-25 10:20:47,Zwift - May Field in Watopia,VirtualRun,2,592.7,1146.6,1.000,553.9,553.9,9.2,137.9,141.0,88.7,177.4,0.0,0.0,FALSE
A0138,2026-03-25 10:20:47,Zwift - May Field in Watopia,VirtualRun,3,1146.6,1695,1.000,548.3,548.3,9.1,141.7,144.0,89.0,178.0,0.0,0.0,FALSE
A0138,2026-03-25 10:20:47,Zwift - May Field in Watopia,VirtualRun,4,1695,2295.4,1.000,543.4,600.4,9.1,145.9,151.0,88.5,177.0,0.0,0.0,FALSE
A0138,2026-03-25 10:20:47,Zwift - May Field in Watopia,VirtualRun,5,2295.4,2867.6,1.000,572.2,572.2,9.5,145.8,151.0,87.6,175.2,0.0,0.0,FALSE
A0138,2026-03-25 10:20:47,Zwift - May Field in Watopia,VirtualRun,6,2867.6,2969,0.095,98.4,101.4,17.2,123.5,133.0,63.0,126.0,0.0,0.0,TRUE
A0150,2026-03-15 04:28:27,Lunch Run,Run,1,0,591.3,1.000,558.3,591.3,9.3,149.7,152.0,,,53.1,81.4,FALSE
A0150,2026-03-15 04:28:27,Lunch Run,Run,2,591.3,1142.1,1.000,549.9,550.9,9.2,151.2,154.0,,,53.2,44.6,FALSE
A0150,2026-03-15 04:28:27,Lunch Run,Run,3,1142.1,1709.5,1.000,567.3,567.3,9.5,150.7,154.0,,,48.5,47.2,FALSE
A0150,2026-03-15 04:28:27,Lunch Run,Run,4,1709.5,2282.2,1.000,572.7,572.7,9.6,151.2,154.0,,,38.1,42.7,FALSE
A0150,2026-03-15 04:28:27,Lunch Run,Run,5,2282.2,2865.5,1.000,582.4,583.4,9.7,151.9,154.0,,,23.6,34.1,FALSE
A0150,2026-03-15 04:28:27,Lunch Run,Run,6,2865.5,3438.5,1.000,569.9,572.9,9.5,152.6,156.0,,,44.9,51.2,FALSE
A0150,2026-03-15 04:28:27,Lunch Run,Run,7,3438.5,4018.6,1.000,577.1,580.1,9.6,153.0,156.0,,,63.4,40.7,FALSE
A0150,2026-03-15 04:28:27,Lunch Run,Run,8,4018.6,4601.3,1.000,579.7,582.7,9.7,152.1,155.0,,,45.5,50.5,FALSE
A0150,2026-03-15 04:28:27,Lunch Run,Run,9,4601.3,5176.9,1.000,573.6,575.6,9.6,152.8,156.0,,,38.5,29.5,FALSE
A0150,2026-03-15 04:28:27,Lunch Run,Run,10,5176.9,5742.7,1.000,562.9,565.9,9.4,152.3,155.0,,,64.1,53.8,FALSE
A0150,2026-03-15 04:28:27,Lunch Run,Run,11,5742.7,6305.4,1.000,561.7,562.7,9.4,153.7,157.0,,,77.6,79.4,FALSE
A0150,2026-03-15 04:28:27,Lunch Run,Run,12,6305.4,6865.5,1.000,559.1,560.1,9.3,155.8,158.0,,,35.1,56.4,FALSE
A0150,2026-03-15 04:28:27,Lunch Run,Run,13,6865.5,7415,0.952,510.5,549.5,8.9,157.5,168.0,,,74.5,76.1,TRUE
A0152,2026-03-14 03:08:13,Outdoor Running,Run,1,0,549.5,1.000,549.5,549.5,9.2,131.4,142.0,85.1,170.2,26.7,36.4,FALSE
A0152,2026-03-14 03:08:13,Outdoor Running,Run,2,549.5,1115.9,1.000,564.4,566.4,9.4,141.3,150.0,81.9,163.8,36.9,40.0,FALSE
A0152,2026-03-14 03:08:13,Outdoor Running,Run,3,1115.9,1585,0.819,463.1,469.1,9.4,146.5,157.0,82.1,164.2,28.5,15.1,TRUE
A0158,2026-03-11 10:55:40,Zwift - May Field in Watopia,VirtualRun,1,0,591.3,1.000,591.3,591.3,9.9,121.9,131.0,87.6,175.2,3.3,0.0,FALSE
A0158,2026-03-11 10:55:40,Zwift - May Field in Watopia,VirtualRun,2,591.3,1145.7,1.000,554.4,554.4,9.2,134.3,141.0,88.4,176.8,0.0,0.0,FALSE
A0158,2026-03-11 10:55:40,Zwift - May Field in Watopia,VirtualRun,3,1145.7,1691.7,1.000,546,546,9.1,140.6,150.0,88.1,176.2,0.0,0.0,FALSE
A0158,2026-03-11 10:55:40,Zwift - May Field in Watopia,VirtualRun,4,1691.7,2250.6,1.000,559,559,9.3,145.5,153.0,87.0,174.0,0.0,0.0,FALSE
A0158,2026-03-11 10:55:40,Zwift - May Field in Watopia,VirtualRun,5,2250.6,2804.4,1.000,553.7,553.7,9.2,147.7,154.0,87.6,175.2,0.0,0.0,FALSE
A0158,2026-03-11 10:55:40,Zwift - May Field in Watopia,VirtualRun,6,2804.4,3517,1.000,712.6,712.6,11.9,134.6,152.0,73.8,147.6,0.0,0.0,FALSE
A0158,2026-03-11 10:55:40,Zwift - May Field in Watopia,VirtualRun,7,3517,3668,0.133,148,151,18.6,112.8,118.0,58.9,117.8,0.0,0.0,TRUE
A0163,2026-03-10 02:24:22,Zwift - May Field in Watopia,VirtualRun,1,0,598.7,1.000,592.7,598.7,9.9,126.9,132.0,87.6,175.2,3.3,0.0,FALSE
A0163,2026-03-10 02:24:22,Zwift - May Field in Watopia,VirtualRun,2,598.7,1170.8,1.000,567,572,9.5,134.6,138.0,88.9,177.8,0.0,0.0,FALSE
A0163,2026-03-10 02:24:22,Zwift - May Field in Watopia,VirtualRun,3,1170.8,1185,0.017,11.2,14.2,11.1,135.7,137.0,87.8,175.6,0.0,0.0,TRUE
A0170,2026-03-07 04:50:40,Zwift - May Field in Watopia,VirtualRun,1,0,629.6,1.000,591.6,629.6,9.9,136.3,143.0,86.9,173.8,3.3,0.0,FALSE
A0170,2026-03-07 04:50:40,Zwift - May Field in Watopia,VirtualRun,2,629.6,1195.1,1.000,565.5,565.5,9.4,147.5,153.0,88.8,177.6,0.0,0.0,FALSE
A0170,2026-03-07 04:50:40,Zwift - May Field in Watopia,VirtualRun,3,1195.1,1750.8,1.000,555.7,555.7,9.3,153.8,157.0,87.8,175.6,0.0,0.0,FALSE
A0170,2026-03-07 04:50:40,Zwift - May Field in Watopia,VirtualRun,4,1750.8,2310,0.877,556.2,559.2,10.6,153.2,158.0,82.6,165.2,0.0,0.0,TRUE
A0178,2026-03-05 02:19:06,Zwift - May Field in Watopia,VirtualRun,1,0,568.2,0.998,566.2,568.2,9.5,134.1,143.0,87.8,175.6,3.3,0.0,FALSE
A0178,2026-03-05 02:19:06,Zwift - May Field in Watopia,VirtualRun,2,568.2,1070,0.776,497.8,501.8,10.7,133.8,145.0,79.4,158.8,0.0,0.0,TRUE
A0181,2026-03-04 03:22:29,Zwift - May Field in Watopia,VirtualRun,1,0,619.3,1.000,618.3,619.3,10.3,120.4,141.0,82.6,165.2,3.3,0.0,FALSE
A0181,2026-03-04 03:22:29,Zwift - May Field in Watopia,VirtualRun,2,619.3,1182.6,1.000,563.3,563.3,9.4,137.8,147.0,84.2,168.4,0.0,0.0,FALSE
A0181,2026-03-04 03:22:29,Zwift - May Field in Watopia,VirtualRun,3,1182.6,1847.5,1.000,661.9,664.9,11.0,132.3,148.0,76.4,152.8,0.0,0.0,FALSE
A0181,2026-03-04 03:22:29,Zwift - May Field in Watopia,VirtualRun,4,1847.5,2470,1.000,622.5,622.5,10.4,136.2,148.0,79.9,159.8,0.0,0.0,FALSE
A0181,2026-03-04 03:22:29,Zwift - May Field in Watopia,VirtualRun,5,2470,3037.1,1.000,567,567,9.5,143.2,152.0,84.3,168.6,0.0,0.0,FALSE
A0181,2026-03-04 03:22:29,Zwift - May Field in Watopia,VirtualRun,6,3037.1,3448,0.657,407.9,410.9,10.4,142.8,155.0,81.8,163.6,0.0,0.0,TRUE
A0191,2026-03-01 02:07:21,Morning Run,Run,1,0,579.3,1.000,579.3,579.3,9.7,119.6,128.0,,,19.7,25.6,FALSE
A0191,2026-03-01 02:07:21,Morning Run,Run,2,579.3,1145.3,1.000,566,566,9.4,130.3,137.0,,,60.4,26.2,FALSE
A0191,2026-03-01 02:07:21,Morning Run,Run,3,1145.3,1705.1,1.000,539.8,559.8,9.0,134.1,139.0,,,14.4,17.7,FALSE
A0191,2026-03-01 02:07:21,Morning Run,Run,4,1705.1,2226.2,1.000,521.1,521.1,8.7,138.6,141.0,,,3.3,35.4,FALSE
A0191,2026-03-01 02:07:21,Morning Run,Run,5,2226.2,2741.1,1.000,514.8,514.8,8.6,141.1,143.0,,,0.0,35.4,FALSE
A0191,2026-03-01 02:07:21,Morning Run,Run,6,2741.1,3257,1.000,514.9,515.9,8.6,142.6,145.0,,,6.6,30.8,FALSE
A0191,2026-03-01 02:07:21,Morning Run,Run,7,3257,3770.2,1.000,513.2,513.2,8.6,143.3,147.0,,,7.9,25.6,FALSE
A0191,2026-03-01 02:07:21,Morning Run,Run,8,3770.2,4295.7,1.000,524.5,525.5,8.7,144.7,148.0,,,33.5,5.9,FALSE
A0191,2026-03-01 02:07:21,Morning Run,Run,9,4295.7,4830.3,1.000,508.7,534.7,8.5,146.4,150.0,,,36.3,12.5,FALSE
A0191,2026-03-01 02:07:21,Morning Run,Run,10,4830.3,5355.5,1.000,524.2,525.2,8.7,146.9,150.0,,,45.1,2.0,FALSE
A0191,2026-03-01 02:07:21,Morning Run,Run,11,5355.5,5886.7,1.000,531.2,531.2,8.9,146.2,149.0,,,28.9,5.2,FALSE
A0191,2026-03-01 02:07:21,Morning Run,Run,12,5886.7,6413.3,1.000,525.6,526.6,8.8,146.4,150.0,,,13.8,24.9,FALSE
A0191,2026-03-01 02:07:21,Morning Run,Run,13,6413.3,6927.6,1.000,514.4,514.4,8.6,147.9,154.0,,,21.7,56.4,FALSE
A0191,2026-03-01 02:07:21,Morning Run,Run,14,6927.6,7270,0.658,338.4,342.4,8.6,149.7,153.0,,,23.0,23.6,TRUE
A0200,2026-02-26 02:30:53,Zwift - May Field in Watopia,VirtualRun,1,0,667.5,1.000,666.5,667.5,11.1,125.1,132.0,86.0,172.0,3.3,0.0,FALSE
A0200,2026-02-26 02:30:53,Zwift - May Field in Watopia,VirtualRun,2,667.5,1205,0.638,527.5,537.5,13.8,122.9,132.0,73.1,146.2,0.0,0.0,TRUE
A0203,2026-02-25 08:24:28,Zwift - May Field in Watopia,VirtualRun,1,0,616,1.000,616,616,10.3,120.5,131.0,84.4,168.8,3.3,0.0,FALSE
A0203,2026-02-25 08:24:28,Zwift - May Field in Watopia,VirtualRun,2,616,1199.9,1.000,584,584,9.7,131.1,146.0,81.9,163.8,0.0,0.0,FALSE
A0203,2026-02-25 08:24:28,Zwift - May Field in Watopia,VirtualRun,3,1199.9,1859.7,1.000,659.8,659.8,11.0,134.3,149.0,75.8,151.6,0.0,0.0,FALSE
A0203,2026-02-25 08:24:28,Zwift - May Field in Watopia,VirtualRun,4,1859.7,2471.3,1.000,611.6,611.6,10.2,142.5,153.0,80.0,160.0,0.0,0.0,FALSE
A0203,2026-02-25 08:24:28,Zwift - May Field in Watopia,VirtualRun,5,2471.3,3142.8,1.000,659.5,671.5,11.0,142.9,156.0,76.2,152.4,0.0,0.0,FALSE
A0203,2026-02-25 08:24:28,Zwift - May Field in Watopia,VirtualRun,6,3142.8,3896.9,1.000,754.2,754.2,12.6,136.7,155.0,70.7,141.4,0.0,0.0,FALSE
A0203,2026-02-25 08:24:28,Zwift - May Field in Watopia,VirtualRun,7,3896.9,4496.6,1.000,599.7,599.7,10.0,148.3,156.0,81.8,163.6,0.0,0.0,FALSE
A0203,2026-02-25 08:24:28,Zwift - May Field in Watopia,VirtualRun,8,4496.6,4982,0.710,482.4,485.4,11.3,139.9,143.0,84.3,168.6,0.0,0.0,TRUE
A0204,2026-02-25 08:24:27,Afternoon Run,Run,1,0,595.5,1.000,595.5,595.5,9.9,115.0,115.0,,,0.0,0.0,FALSE
A0204,2026-02-25 08:24:27,Afternoon Run,Run,2,595.5,1213.6,1.000,618.1,618.1,10.3,116.6,119.0,,,0.0,0.0,FALSE
A0204,2026-02-25 08:24:27,Afternoon Run,Run,3,1213.6,1894.2,1.000,680.6,680.6,11.3,137.8,160.0,,,0.0,0.0,FALSE
A0204,2026-02-25 08:24:27,Afternoon Run,Run,4,1894.2,2525.8,1.000,631.6,631.6,10.5,148.5,160.0,,,0.0,0.0,FALSE
A0204,2026-02-25 08:24:27,Afternoon Run,Run,5,2525.8,3273.7,1.000,747.9,747.9,12.5,142.7,163.0,,,0.0,0.0,FALSE
A0204,2026-02-25 08:24:27,Afternoon Run,Run,6,3273.7,3981.6,1.000,707.9,707.9,11.8,143.7,168.0,,,0.0,0.0,FALSE
A0204,2026-02-25 08:24:27,Afternoon Run,Run,7,3981.6,4596.3,1.000,614.7,614.7,10.3,156.4,167.0,,,0.0,0.0,FALSE
A0204,2026-02-25 08:24:27,Afternoon Run,Run,8,4596.3,4983,0.614,386.7,386.7,10.5,162.9,166.0,,,0.0,0.0,TRUE
A0211,2026-02-22 05:12:11,Afternoon Run,Run,1,0,559.2,1.000,559.2,559.2,9.3,136.1,142.0,,,21.0,30.8,FALSE
A0211,2026-02-22 05:12:11,Afternoon Run,Run,2,559.2,1110.7,1.000,551.5,551.5,9.2,144.9,149.0,,,58.4,22.3,FALSE
A0211,2026-02-22 05:12:11,Afternoon Run,Run,3,1110.7,1694.2,1.000,557.5,583.5,9.3,144.9,148.0,,,16.4,20.3,FALSE
A0211,2026-02-22 05:12:11,Afternoon Run,Run,4,1694.2,2290.7,1.000,566.6,596.6,9.4,144.3,148.0,,,21.0,17.1,FALSE
A0211,2026-02-22 05:12:11,Afternoon Run,Run,5,2290.7,2826.2,1.000,535.5,535.5,8.9,148.2,153.0,,,23.0,51.2,FALSE
A0211,2026-02-22 05:12:11,Afternoon Run,Run,6,2826.2,3362,1.000,535.8,535.8,8.9,151.1,155.0,,,16.4,26.9,FALSE
A0211,2026-02-22 05:12:11,Afternoon Run,Run,7,3362,3394,0.050,29,32,9.7,153.6,154.0,,,7.9,6.5,TRUE
A0215,2026-02-19 00:58:42,Morning Run,Run,1,0,634.5,1.000,628.5,634.5,10.5,119.2,128.0,,,34.1,34.5,FALSE
A0215,2026-02-19 00:58:42,Morning Run,Run,2,634.5,1228.7,1.000,594.2,594.2,9.9,129.2,133.0,,,26.2,23.9,FALSE
A0215,2026-02-19 00:58:42,Morning Run,Run,3,1228.7,1867.6,1.000,620.8,638.8,10.4,129.0,133.0,,,26.2,31.2,FALSE
A0215,2026-02-19 00:58:42,Morning Run,Run,4,1867.6,2497.9,1.000,611.3,630.3,10.2,130.6,134.0,,,30.8,29.8,FALSE
A0215,2026-02-19 00:58:42,Morning Run,Run,5,2497.9,3104.3,1.000,605.4,606.4,10.1,134.9,139.0,,,29.5,28.2,FALSE
A0215,2026-02-19 00:58:42,Morning Run,Run,6,3104.3,3706.5,1.000,601.2,602.2,10.0,134.4,137.0,,,30.8,29.5,FALSE
A0215,2026-02-19 00:58:42,Morning Run,Run,7,3706.5,4059,0.328,278.5,352.5,14.2,112.9,136.0,,,11.2,8.5,TRUE
A0216,2026-02-18 00:03:21,Morning Run,Run,1,0,594.5,1.000,573.5,594.5,9.6,121.4,133.0,,,17.1,21.7,FALSE
A0216,2026-02-18 00:03:21,Morning Run,Run,2,594.5,1221.8,1.000,604.3,627.3,10.1,125.3,142.0,,,30.8,30.8,FALSE
A0216,2026-02-18 00:03:21,Morning Run,Run,3,1221.8,1804,1.000,565.2,582.2,9.4,132.8,143.0,,,21.7,19.7,FALSE
A0216,2026-02-18 00:03:21,Morning Run,Run,4,1804,2422.1,1.000,592.1,618.1,9.9,130.3,148.0,,,21.0,17.7,FALSE
A0216,2026-02-18 00:03:21,Morning Run,Run,5,2422.1,3072.6,1.000,615.5,650.5,10.3,129.9,177.0,,,26.9,30.2,FALSE
A0216,2026-02-18 00:03:21,Morning Run,Run,6,3072.6,3581.6,1.000,507,509,8.5,142.3,150.0,,,20.3,19.4,FALSE
A0216,2026-02-18 00:03:21,Morning Run,Run,7,3581.6,4151.6,1.000,549,570,9.2,141.9,152.0,,,15.1,18.0,FALSE
A0216,2026-02-18 00:03:21,Morning Run,Run,8,4151.6,4471,0.445,291.4,319.4,10.9,129.4,151.0,,,13.8,7.9,TRUE
A0217,2026-02-16 23:21:20,Morning Run,Run,1,0,608.4,1.000,570.4,608.4,9.5,122.9,134.0,,,23.6,23.2,FALSE
A0217,2026-02-16 23:21:20,Morning Run,Run,2,608.4,1159.4,1.000,551,551,9.2,137.4,140.0,,,24.9,25.3,FALSE
A0217,2026-02-16 23:21:20,Morning Run,Run,3,1159.4,1699.5,1.000,540.1,540.1,9.0,141.7,147.0,,,30.2,32.2,FALSE
A0217,2026-02-16 23:21:20,Morning Run,Run,4,1699.5,2237.3,1.000,537.8,537.8,9.0,145.2,151.0,,,32.8,33.0,FALSE
A0217,2026-02-16 23:21:20,Morning Run,Run,5,2237.3,2819.2,1.000,566.8,581.8,9.5,143.5,149.0,,,29.5,27.3,FALSE
A0217,2026-02-16 23:21:20,Morning Run,Run,6,2819.2,3365.6,1.000,546.5,546.5,9.1,145.8,153.0,,,32.8,35.9,FALSE
A0217,2026-02-16 23:21:20,Morning Run,Run,7,3365.6,3494,0.172,116.4,128.4,11.3,139.5,148.0,,,7.9,6.8,TRUE
A0220,2026-02-14 23:12:55,Morning Run,Run,1,0,657.5,1.000,657.5,657.5,11.0,114.7,123.0,,,0.0,0.0,FALSE
A0220,2026-02-14 23:12:55,Morning Run,Run,2,657.5,1223.9,1.000,566.4,566.4,9.4,126.0,132.0,,,0.0,0.0,FALSE
A0220,2026-02-14 23:12:55,Morning Run,Run,3,1223.9,1788.2,1.000,564.4,564.4,9.4,131.6,136.0,,,0.0,0.0,FALSE
A0220,2026-02-14 23:12:55,Morning Run,Run,4,1788.2,2341.8,1.000,553.5,553.5,9.2,139.4,145.0,,,0.0,0.0,FALSE
A0220,2026-02-14 23:12:55,Morning Run,Run,5,2341.8,2960.6,1.000,618.8,618.8,10.3,137.8,143.0,,,0.0,0.0,FALSE
A0220,2026-02-14 23:12:55,Morning Run,Run,6,2960.6,3511.2,1.000,550.6,550.6,9.2,140.0,142.0,,,0.0,0.0,FALSE
A0220,2026-02-14 23:12:55,Morning Run,Run,7,3511.2,4080.8,1.000,569.6,569.6,9.5,139.0,142.0,,,0.0,0.0,FALSE
A0220,2026-02-14 23:12:55,Morning Run,Run,8,4080.8,4630.8,1.000,550,550,9.2,141.7,146.0,,,0.0,0.0,FALSE
A0220,2026-02-14 23:12:55,Morning Run,Run,9,4630.8,5172.7,1.000,541.9,541.9,9.0,151.4,154.0,,,0.0,0.0,FALSE
A0220,2026-02-14 23:12:55,Morning Run,Run,10,5172.7,5713.5,1.000,540.8,540.8,9.0,153.0,153.0,,,0.0,0.0,FALSE
A0220,2026-02-14 23:12:55,Morning Run,Run,11,5713.5,6005,0.345,291.5,291.5,14.1,139.4,153.0,,,0.0,0.0,TRUE
A0229,2026-02-12 02:47:39,Zwift - May Field in Watopia,VirtualRun,1,0,661.6,1.000,615.6,661.6,10.3,126.5,134.0,86.6,173.2,3.3,0.0,FALSE
A0229,2026-02-12 02:47:39,Zwift - May Field in Watopia,VirtualRun,2,661.6,1260,0.783,594.4,598.4,12.7,121.0,135.0,73.9,147.8,0.0,0.0,TRUE
A0230,2026-02-12 02:47:38,Morning Run,Run,1,0,603.6,1.000,603.6,603.6,10.1,146.5,163.0,,,0.0,0.0,FALSE
A0230,2026-02-12 02:47:38,Morning Run,Run,2,603.6,1268,0.883,664.4,664.4,12.5,144.5,165.0,,,0.0,0.0,TRUE
A0233,2026-02-11 09:08:38,Zwift - May Field in Watopia,VirtualRun,1,0,642.6,1.000,622.6,642.6,10.4,120.4,143.0,83.3,166.6,3.3,0.0,FALSE
A0233,2026-02-11 09:08:38,Zwift - May Field in Watopia,VirtualRun,2,642.6,1517.6,1.000,618,875,10.3,139.0,151.0,83.6,167.2,0.0,0.0,FALSE
A0233,2026-02-11 09:08:38,Zwift - May Field in Watopia,VirtualRun,3,1517.6,2085.9,1.000,568.3,568.3,9.5,147.0,154.0,84.4,168.8,0.0,0.0,FALSE
A0233,2026-02-11 09:08:38,Zwift - May Field in Watopia,VirtualRun,4,2085.9,2643.2,1.000,557.3,557.3,9.3,147.9,157.0,85.6,171.2,0.0,0.0,FALSE
A0233,2026-02-11 09:08:38,Zwift - May Field in Watopia,VirtualRun,5,2643.2,3234.3,1.000,591.1,591.1,9.9,147.7,158.0,82.1,164.2,0.0,0.0,FALSE
A0233,2026-02-11 09:08:38,Zwift - May Field in Watopia,VirtualRun,6,3234.3,3828.1,1.000,593.8,593.8,9.9,148.4,157.0,81.8,163.6,0.0,0.0,FALSE
A0233,2026-02-11 09:08:38,Zwift - May Field in Watopia,VirtualRun,7,3828.1,4424.4,1.000,596.2,596.2,9.9,149.8,158.0,81.6,163.2,0.0,0.0,FALSE
A0233,2026-02-11 09:08:38,Zwift - May Field in Watopia,VirtualRun,8,4424.4,5015.7,1.000,591.3,591.3,9.9,150.8,159.0,81.8,163.6,0.0,0.0,FALSE
A0233,2026-02-11 09:08:38,Zwift - May Field in Watopia,VirtualRun,9,5015.7,5720.6,1.000,705,705,11.8,141.6,159.0,81.0,162.0,0.0,0.0,FALSE
A0233,2026-02-11 09:08:38,Zwift - May Field in Watopia,VirtualRun,10,5720.6,5743,0.025,18.4,22.4,12.4,134.9,137.0,85.7,171.4,0.0,0.0,TRUE
A0242,2026-02-08 04:58:31,Lunch Run,Run,1,0,549.5,1.000,546.5,549.5,9.1,140.2,149.0,,,23.0,45.9,FALSE
A0242,2026-02-08 04:58:31,Lunch Run,Run,2,549.5,1085,1.000,535.5,535.5,8.9,151.2,155.0,,,54.5,19.7,FALSE
A0242,2026-02-08 04:58:31,Lunch Run,Run,3,1085,1675.2,1.000,525.2,590.2,8.8,151.3,156.0,,,18.4,19.0,FALSE
A0242,2026-02-08 04:58:31,Lunch Run,Run,4,1675.2,2234.7,1.000,557.5,559.5,9.3,151.9,155.0,,,15.7,9.8,FALSE
A0242,2026-02-08 04:58:31,Lunch Run,Run,5,2234.7,2759.8,1.000,525.1,525.1,8.8,154.1,159.0,,,21.7,55.8,FALSE
A0242,2026-02-08 04:58:31,Lunch Run,Run,6,2759.8,3295.5,1.000,535.7,535.7,8.9,155.6,159.0,,,17.7,26.9,FALSE
A0242,2026-02-08 04:58:31,Lunch Run,Run,7,3295.5,3327,0.051,29.5,31.5,9.6,157.7,159.0,,,5.2,8.5,TRUE
A0245,2026-02-07 02:50:00,Zwift - May Field in Watopia,VirtualRun,1,0,627.9,0.999,627.9,627.9,10.5,133.1,138.0,87.7,175.4,3.3,0.0,FALSE
A0245,2026-02-07 02:50:00,Zwift - May Field in Watopia,VirtualRun,2,627.9,1220,0.932,588.1,592.1,10.5,136.2,139.0,88.4,176.8,0.0,0.0,TRUE
A0251,2026-02-04 08:34:32,Zwift - May Field in Watopia,VirtualRun,1,0,623,1.000,623,623,10.4,120.2,135.0,84.6,169.2,3.3,0.0,FALSE
A0251,2026-02-04 08:34:32,Zwift - May Field in Watopia,VirtualRun,2,623,1183.6,1.000,560.7,560.7,9.3,136.5,144.0,87.8,175.6,0.0,0.0,FALSE
A0251,2026-02-04 08:34:32,Zwift - May Field in Watopia,VirtualRun,3,1183.6,1769.3,1.000,585.7,585.7,9.8,140.8,148.0,87.1,174.2,0.0,0.0,FALSE
A0251,2026-02-04 08:34:32,Zwift - May Field in Watopia,VirtualRun,4,1769.3,2357.8,1.000,588.5,588.5,9.8,142.0,151.0,82.9,165.8,0.0,0.0,FALSE
A0251,2026-02-04 08:34:32,Zwift - May Field in Watopia,VirtualRun,5,2357.8,3004.1,1.000,646.3,646.3,10.8,141.1,154.0,78.1,156.2,0.0,0.0,FALSE
A0251,2026-02-04 08:34:32,Zwift - May Field in Watopia,VirtualRun,6,3004.1,3652.7,1.000,648.6,648.6,10.8,143.7,155.0,77.9,155.8,0.0,0.0,FALSE
A0251,2026-02-04 08:34:32,Zwift - May Field in Watopia,VirtualRun,7,3652.7,4294.1,1.000,601.4,641.4,10.0,141.9,152.0,81.4,162.8,0.0,0.0,FALSE
A0251,2026-02-04 08:34:32,Zwift - May Field in Watopia,VirtualRun,8,4294.1,4949.2,1.000,655.1,655.1,10.9,141.7,152.0,77.5,155.0,0.0,0.0,FALSE
A0251,2026-02-04 08:34:32,Zwift - May Field in Watopia,VirtualRun,9,4949.2,5539,1.000,589.8,589.8,9.8,147.8,157.0,82.6,165.2,0.0,0.0,FALSE
A0251,2026-02-04 08:34:32,Zwift - May Field in Watopia,VirtualRun,10,5539,6182.3,1.000,643.3,643.3,10.7,146.6,165.0,78.2,156.4,0.0,0.0,FALSE
A0251,2026-02-04 08:34:32,Zwift - May Field in Watopia,VirtualRun,11,6182.3,6656,0.742,469.7,473.7,10.6,151.9,161.0,79.1,158.2,0.0,0.0,TRUE
A0264,2026-02-01 01:15:51,Morning Run,Run,1,0,603.5,1.000,537.5,603.5,9.0,117.0,132.0,,,41.3,24.3,FALSE
A0264,2026-02-01 01:15:51,Morning Run,Run,2,603.5,1132.3,1.000,528.8,528.8,8.8,141.4,174.0,,,17.1,31.5,FALSE
A0264,2026-02-01 01:15:51,Morning Run,Run,3,1132.3,1641,1.000,508.6,508.6,8.5,141.8,145.0,,,5.2,38.7,FALSE
A0264,2026-02-01 01:15:51,Morning Run,Run,4,1641,2139.3,1.000,498.3,498.3,8.3,147.0,150.0,,,8.1,43.3,FALSE
A0264,2026-02-01 01:15:51,Morning Run,Run,5,2139.3,2691.8,1.000,493.5,552.5,8.2,146.7,154.0,,,44.4,69.6,FALSE
A0264,2026-02-01 01:15:51,Morning Run,Run,6,2691.8,3186.9,1.000,495.1,495.1,8.3,151.9,155.0,,,17.1,30.2,FALSE
A0264,2026-02-01 01:15:51,Morning Run,Run,7,3186.9,3704.7,1.000,508.8,517.8,8.5,152.3,155.0,,,30.8,14.4,FALSE
A0264,2026-02-01 01:15:51,Morning Run,Run,8,3704.7,4234.4,1.000,528.7,529.7,8.8,151.4,154.0,,,43.3,18.4,FALSE
A0264,2026-02-01 01:15:51,Morning Run,Run,9,4234.4,4788.2,1.000,545.8,553.8,9.1,149.7,153.0,,,41.3,10.5,FALSE
A0264,2026-02-01 01:15:51,Morning Run,Run,10,4788.2,5334.1,1.000,545.9,545.9,9.1,148.4,150.0,,,43.3,8.5,FALSE
A0264,2026-02-01 01:15:51,Morning Run,Run,11,5334.1,5869.3,1.000,535.2,535.2,8.9,149.7,155.0,,,30.2,15.1,FALSE
A0264,2026-02-01 01:15:51,Morning Run,Run,12,5869.3,6400.2,1.000,530.9,530.9,8.9,148.6,150.0,,,9.8,37.4,FALSE
A0264,2026-02-01 01:15:51,Morning Run,Run,13,6400.2,6432,0.055,29.8,31.8,9.0,148.7,150.0,,,0.0,8.5,TRUE
A0270,2026-01-29 03:13:16,Zwift - May Field in Watopia,VirtualRun,1,0,721.8,1.000,721.8,721.8,12.0,108.1,120.0,77.6,155.2,3.3,0.0,FALSE
A0270,2026-01-29 03:13:16,Zwift - May Field in Watopia,VirtualRun,2,721.8,1419.1,1.000,697.3,697.3,11.6,114.3,126.0,79.5,159.0,0.0,0.0,FALSE
A0270,2026-01-29 03:13:16,Zwift - May Field in Watopia,VirtualRun,3,1419.1,1432,0.015,9.9,12.9,10.8,124.7,126.0,89.0,178.0,0.0,0.0,TRUE
A0273,2026-01-28 06:57:52,Zwift - May Field in Watopia,VirtualRun,1,0,638.8,1.000,635.8,638.8,10.6,119.9,126.0,87.6,175.2,3.3,0.0,FALSE
A0273,2026-01-28 06:57:52,Zwift - May Field in Watopia,VirtualRun,2,638.8,1253.7,1.000,614.9,614.9,10.3,127.5,133.0,88.6,177.2,0.0,0.0,FALSE
A0273,2026-01-28 06:57:52,Zwift - May Field in Watopia,VirtualRun,3,1253.7,1855.6,1.000,601.8,601.8,10.0,134.1,139.0,88.6,177.2,0.0,0.0,FALSE
A0273,2026-01-28 06:57:52,Zwift - May Field in Watopia,VirtualRun,4,1855.6,2450.5,1.000,595,595,9.9,136.9,140.0,88.9,177.8,0.0,0.0,FALSE
A0273,2026-01-28 06:57:52,Zwift - May Field in Watopia,VirtualRun,5,2450.5,3046.3,1.000,595.8,595.8,9.9,135.2,138.0,89.3,178.6,0.0,0.0,FALSE
A0273,2026-01-28 06:57:52,Zwift - May Field in Watopia,VirtualRun,6,3046.3,3058,0.013,9.7,11.7,12.0,132.8,134.0,88.7,177.4,0.0,0.0,TRUE
A0274,2026-01-28 06:55:51,Afternoon Run,Run,1,0,665.3,1.000,665.3,665.3,11.1,128.4,150.0,,,0.0,0.0,FALSE
A0274,2026-01-28 06:55:51,Afternoon Run,Run,2,665.3,1237.7,1.000,572.4,572.4,9.5,153.5,157.0,,,0.0,0.0,FALSE
A0274,2026-01-28 06:55:51,Afternoon Run,Run,3,1237.7,1807.1,1.000,569.4,569.4,9.5,156.0,156.0,,,0.0,0.0,FALSE
A0274,2026-01-28 06:55:51,Afternoon Run,Run,4,1807.1,2373.1,1.000,566,566,9.4,157.9,161.0,,,0.0,0.0,FALSE
A0274,2026-01-28 06:55:51,Afternoon Run,Run,5,2373.1,2934.4,1.000,561.3,561.3,9.4,160.0,161.0,,,0.0,0.0,FALSE
A0274,2026-01-28 06:55:51,Afternoon Run,Run,6,2934.4,3173,0.417,238.6,238.6,9.5,160.0,160.0,,,0.0,0.0,TRUE
A0282,2026-01-25 04:29:35,Lunch Run,Run,1,0,549.2,1.000,543.2,549.2,9.1,136.0,136.0,,,15.7,34.8,FALSE
A0282,2026-01-25 04:29:35,Lunch Run,Run,2,549.2,1104.4,1.000,552.3,555.3,9.2,136.3,139.0,,,17.7,13.1,FALSE
A0282,2026-01-25 04:29:35,Lunch Run,Run,3,1104.4,1670.1,1.000,565.7,565.7,9.4,138.5,142.0,,,24.9,2.6,FALSE
A0282,2026-01-25 04:29:35,Lunch Run,Run,4,1670.1,2216,1.000,545.9,545.9,9.1,143.8,147.0,,,2.0,24.9,FALSE
A0282,2026-01-25 04:29:35,Lunch Run,Run,5,2216,2759.7,1.000,543.6,543.6,9.1,147.1,149.0,,,9.2,14.4,FALSE
A0282,2026-01-25 04:29:35,Lunch Run,Run,6,2759.7,3321.7,1.000,562,562,9.4,148.3,151.0,,,23.0,11.8,FALSE
A0282,2026-01-25 04:29:35,Lunch Run,Run,7,3321.7,3334,0.013,9.3,12.3,11.8,149.3,150.0,,,0.0,11.8,TRUE
A0285,2026-01-24 04:04:20,Zwift - May Field in Watopia,VirtualRun,1,0,664.9,0.999,664.9,664.9,11.1,134.6,144.0,82.5,165.0,3.3,0.0,FALSE
A0285,2026-01-24 04:04:20,Zwift - May Field in Watopia,VirtualRun,2,664.9,1213,0.932,545.1,548.1,9.8,144.8,146.0,89.9,179.8,0.0,0.0,TRUE
A0295,2026-01-22 01:51:55,Zwift - May Field in Watopia,VirtualRun,1,0,604.3,1.000,597.3,604.3,10.0,133.8,139.0,88.9,177.8,3.3,0.0,FALSE
A0295,2026-01-22 01:51:55,Zwift - May Field in Watopia,VirtualRun,2,604.3,1218,0.828,609.7,613.7,12.3,126.4,141.0,75.9,151.8,0.0,0.0,TRUE
A0297,2026-01-21 08:06:36,Afternoon Run,Run,1,0,585.4,1.000,566.4,585.4,9.4,131.9,171.0,,,107.2,196.9,FALSE
A0297,2026-01-21 08:06:36,Afternoon Run,Run,2,585.4,1351.8,1.000,764.4,766.4,12.7,135.9,141.0,,,353.4,0.0,FALSE
A0297,2026-01-21 08:06:36,Afternoon Run,Run,3,1351.8,2037,1.000,681.2,685.2,11.4,137.7,141.0,,,212.6,26.2,FALSE
A0297,2026-01-21 08:06:36,Afternoon Run,Run,4,2037,2695.8,1.000,658.7,658.7,11.0,138.5,143.0,,,180.9,57.1,FALSE
A0297,2026-01-21 08:06:36,Afternoon Run,Run,5,2695.8,3359.6,1.000,662.8,663.8,11.1,140.1,144.0,,,191.8,10.5,FALSE
A0297,2026-01-21 08:06:36,Afternoon Run,Run,6,3359.6,3928.1,1.000,567.5,568.5,9.5,140.1,147.0,,,55.8,100.4,FALSE
A0297,2026-01-21 08:06:36,Afternoon Run,Run,7,3928.1,4462.3,1.000,534.2,534.2,8.9,138.5,143.0,,,18.4,205.5,FALSE
A0297,2026-01-21 08:06:36,Afternoon Run,Run,8,4462.3,5014.3,1.000,552,552,9.2,135.2,142.0,,,47.2,244.6,FALSE
A0297,2026-01-21 08:06:36,Afternoon Run,Run,9,5014.3,5571.6,1.000,556.3,557.3,9.3,132.5,139.0,,,29.5,256.7,FALSE
A0297,2026-01-21 08:06:36,Afternoon Run,Run,10,5571.6,6112.5,1.000,539.9,540.9,9.0,133.2,143.0,,,35.4,291.2,FALSE
A0297,2026-01-21 08:06:36,Afternoon Run,Run,11,6112.5,6515,0.580,399.5,402.5,11.5,143.3,147.0,,,167.3,7.9,TRUE
A0306,2026-01-18 02:18:03,Morning Run,Run,1,0,591,1.000,584,591,9.7,116.5,130.0,,,103.7,207.3,FALSE
A0306,2026-01-18 02:18:03,Morning Run,Run,2,591,1193.5,1.000,599.6,602.6,10.0,131.1,136.0,,,154.9,135.5,FALSE
A0306,2026-01-18 02:18:03,Morning Run,Run,3,1193.5,1836,1.000,638.4,642.4,10.6,134.2,139.0,,,152.2,102.0,FALSE
A0306,2026-01-18 02:18:03,Morning Run,Run,4,1836,2418.7,1.000,581.7,582.7,9.7,135.7,142.0,,,94.5,159.4,FALSE
A0306,2026-01-18 02:18:03,Morning Run,Run,5,2418.7,3085.1,1.000,661.5,666.5,11.0,134.5,139.0,,,155.5,148.4,FALSE
A0306,2026-01-18 02:18:03,Morning Run,Run,6,3085.1,3752.7,1.000,657.6,667.6,11.0,136.2,141.0,,,153.5,108.7,FALSE
A0306,2026-01-18 02:18:03,Morning Run,Run,7,3752.7,4390.4,1.000,615.7,637.7,10.3,135.2,141.0,,,135.4,153.1,FALSE
A0306,2026-01-18 02:18:03,Morning Run,Run,8,4390.4,4539,0.199,145.6,148.6,12.2,141.6,145.0,,,60.8,6.6,TRUE
A0313,2026-01-15 08:00:30,Zwift - May Field in Watopia,VirtualRun,1,0,614.4,1.000,613.4,614.4,10.2,134.2,141.0,87.4,174.8,3.3,0.0,FALSE
A0313,2026-01-15 08:00:30,Zwift - May Field in Watopia,VirtualRun,2,614.4,1203.2,1.000,588.9,588.9,9.8,139.6,143.0,88.1,176.2,0.0,0.0,FALSE
A0313,2026-01-15 08:00:30,Zwift - May Field in Watopia,VirtualRun,3,1203.2,1217,0.015,10.8,13.8,11.7,139.5,141.0,87.9,175.8,0.0,0.0,TRUE
A0314,2026-01-15 08:00:23,Afternoon Run,Run,1,0,558,1.000,558,558,9.3,133.5,140.0,,,0.0,0.0,FALSE
A0314,2026-01-15 08:00:23,Afternoon Run,Run,2,558,1108.8,1.000,550.8,550.8,9.2,139.4,141.0,,,0.0,0.0,FALSE
A0314,2026-01-15 08:00:23,Afternoon Run,Run,3,1108.8,1235,0.196,126.2,126.2,10.8,141.0,143.0,,,0.0,0.0,TRUE
A0317,2026-01-14 07:46:30,Zwift - May Field in Watopia,VirtualRun,1,0,615.7,1.000,606.7,615.7,10.1,125.1,140.0,85.8,171.6,3.3,0.0,FALSE
A0317,2026-01-14 07:46:30,Zwift - May Field in Watopia,VirtualRun,2,615.7,1162.7,1.000,547.1,547.1,9.1,140.7,148.0,87.1,174.2,0.0,0.0,FALSE
A0317,2026-01-14 07:46:30,Zwift - May Field in Watopia,VirtualRun,3,1162.7,1748.6,1.000,585.9,585.9,9.8,143.6,152.0,84.1,168.2,0.0,0.0,FALSE
A0317,2026-01-14 07:46:30,Zwift - May Field in Watopia,VirtualRun,4,1748.6,2475.5,1.000,726.9,726.9,12.1,129.5,151.0,72.3,144.6,0.0,0.0,FALSE
A0317,2026-01-14 07:46:30,Zwift - May Field in Watopia,VirtualRun,5,2475.5,3084.7,1.000,609.2,609.2,10.2,145.5,162.0,78.6,157.2,0.0,0.0,FALSE
A0317,2026-01-14 07:46:30,Zwift - May Field in Watopia,VirtualRun,6,3084.7,3615.2,1.000,530.5,530.5,8.8,149.9,164.0,85.5,171.0,0.0,0.0,FALSE
A0317,2026-01-14 07:46:30,Zwift - May Field in Watopia,VirtualRun,7,3615.2,4258.4,1.000,643.2,643.2,10.7,144.8,163.0,76.7,153.4,0.0,0.0,FALSE
A0317,2026-01-14 07:46:30,Zwift - May Field in Watopia,VirtualRun,8,4258.4,4833,0.718,571.6,574.6,13.3,134.8,165.0,73.6,147.2,0.0,0.0,TRUE
